primitive-metrics: full cpu_written=128000 cpu_compared=0 planned=128000 submitted=128000 flush_requests=1 native_flush_calls=0
primitive-metrics: unchanged cpu_written=128000 cpu_compared=128000 planned=0 submitted=0 flush_requests=0 native_flush_calls=0
primitive-metrics: sparse cpu_written=128000 cpu_compared=127972 planned=128 submitted=128 flush_requests=1 native_flush_calls=0
primitive-metrics: after_abort cpu_written=128000 cpu_compared=128000 planned=0 submitted=0 flush_requests=0 native_flush_calls=0
primitive-metrics: after_abort cpu_written=128000 cpu_compared=128000 planned=0 submitted=0 flush_requests=0 native_flush_calls=0
primitive-metrics: after_abort cpu_written=128000 cpu_compared=128000 planned=0 submitted=0 flush_requests=0 native_flush_calls=0
primitive-metrics: partial_abort=1 prepared_abort=1 effect_tail=1 history_preserved=1 flush_branch_calls=1
{"kind":"trace","run":0,"workload":0,"process":0,"window":0,"frame":0,"sample":0,"queue":0,"submission":0,"fence":0,"query":0,"event":401,"category":13,"severity":0,"result":0,"value0":4291056066,"value1":84}
{"kind":"trace","run":0,"workload":0,"process":0,"window":0,"frame":0,"sample":0,"queue":0,"submission":0,"fence":0,"query":0,"event":401,"category":13,"severity":0,"result":0,"value0":4291056066,"value1":84}
{"kind":"trace","run":0,"workload":0,"process":0,"window":0,"frame":0,"sample":0,"queue":0,"submission":0,"fence":0,"query":0,"event":401,"category":12,"severity":0,"result":0,"value0":0,"value1":0}
{"kind":"trace","run":0,"workload":0,"process":0,"window":94588090313680,"frame":0,"sample":0,"queue":0,"submission":0,"fence":0,"query":0,"event":324,"category":11,"severity":0,"result":0,"value0":64,"value1":1000}
{"kind":"trace","run":0,"workload":0,"process":0,"window":94588090313680,"frame":0,"sample":0,"queue":0,"submission":0,"fence":0,"query":0,"event":324,"category":11,"severity":0,"result":0,"value0":1,"value1":0}
{"kind":"trace","run":0,"workload":0,"process":0,"window":0,"frame":0,"sample":0,"queue":0,"submission":0,"fence":0,"query":0,"event":324,"category":12,"severity":0,"result":0,"value0":0,"value1":0}
{"kind":"trace","run":0,"workload":0,"process":0,"window":94588090313680,"frame":0,"sample":0,"queue":94588098144992,"submission":0,"fence":0,"query":0,"event":100,"category":2,"severity":0,"result":0,"value0":0,"value1":0}
{"kind":"trace","run":0,"workload":0,"process":0,"window":0,"frame":0,"sample":0,"queue":94588098144992,"submission":0,"fence":0,"query":0,"event":322,"category":12,"severity":0,"result":0,"value0":0,"value1":0}
{"kind":"trace","run":0,"workload":0,"process":0,"window":0,"frame":0,"sample":0,"queue":94588098144992,"submission":0,"fence":0,"query":0,"event":322,"category":12,"severity":0,"result":0,"value0":0,"value1":0}
{"kind":"trace","run":0,"workload":0,"process":0,"window":94588090313680,"frame":0,"sample":1,"queue":94588098144992,"submission":0,"fence":0,"query":0,"event":310,"category":11,"severity":0,"result":1,"value0":231797,"value1":0}
{"kind":"trace","run":0,"workload":0,"process":0,"window":94588090313680,"frame":0,"sample":2,"queue":94588098144992,"submission":0,"fence":0,"query":0,"event":311,"category":11,"severity":0,"result":2,"value0":1109622,"value1":0}
{"kind":"trace","run":0,"workload":0,"process":0,"window":94588090313680,"frame":0,"sample":4,"queue":94588098144992,"submission":0,"fence":0,"query":0,"event":311,"category":11,"severity":0,"result":4,"value0":1619343,"value1":0}
{"kind":"trace","run":0,"workload":0,"process":0,"window":94588090313680,"frame":0,"sample":5,"queue":94588098144992,"submission":0,"fence":0,"query":0,"event":312,"category":11,"severity":0,"result":5,"value0":54070341,"value1":1782576}
{"kind":"trace","run":0,"workload":0,"process":0,"window":94588090313680,"frame":0,"sample":6,"queue":94588098144992,"submission":0,"fence":0,"query":0,"event":312,"category":11,"severity":0,"result":6,"value0":1849067,"value1":512432}
{"kind":"trace","run":0,"workload":0,"process":0,"window":94588090313680,"frame":0,"sample":8,"queue":94588098144992,"submission":0,"fence":0,"query":0,"event":312,"category":11,"severity":0,"result":8,"value0":14629243,"value1":0}
{"kind":"trace","run":0,"workload":0,"process":0,"window":94588090313680,"frame":0,"sample":7,"queue":94588098144992,"submission":0,"fence":0,"query":0,"event":312,"category":11,"severity":0,"result":7,"value0":37592031,"value1":1270144}
{"kind":"trace","run":0,"workload":0,"process":0,"window":94588090313680,"frame":0,"sample":9,"queue":94588098144992,"submission":0,"fence":0,"query":0,"event":311,"category":11,"severity":0,"result":9,"value0":322278,"value1":0}
{"kind":"trace","run":0,"workload":0,"process":0,"window":94588090313680,"frame":0,"sample":10,"queue":94588098144992,"submission":0,"fence":0,"query":0,"event":313,"category":11,"severity":0,"result":10,"value0":27480335,"value1":1926360}
{"kind":"trace","run":0,"workload":0,"process":0,"window":94588090313680,"frame":0,"sample":11,"queue":94588098144992,"submission":0,"fence":0,"query":0,"event":311,"category":11,"severity":0,"result":11,"value0":1435747,"value1":0}
{"kind":"trace","run":0,"workload":0,"process":0,"window":94588090313680,"frame":0,"sample":11,"queue":94588098144992,"submission":0,"fence":0,"query":0,"event":311,"category":11,"severity":0,"result":11,"value0":245423,"value1":0}
{"kind":"trace","run":0,"workload":0,"process":0,"window":94588090313680,"frame":1,"sample":0,"queue":94588098144992,"submission":0,"fence":0,"query":0,"event":300,"category":11,"severity":0,"result":0,"value0":1000,"value1":640}
{"kind":"trace","run":0,"workload":0,"process":0,"window":0,"frame":1,"sample":0,"queue":94588098144992,"submission":0,"fence":0,"query":0,"event":322,"category":12,"severity":0,"result":0,"value0":0,"value1":0}
{"kind":"trace","run":0,"workload":0,"process":0,"window":0,"frame":1,"sample":0,"queue":94588098144992,"submission":0,"fence":0,"query":0,"event":122,"category":12,"severity":0,"result":0,"value0":0,"value1":0}
{"kind":"trace","run":0,"workload":0,"process":0,"window":0,"frame":1,"sample":0,"queue":94588098144992,"submission":0,"fence":610228953416235,"query":0,"event":317,"category":12,"severity":0,"result":0,"value0":0,"value1":0}
{"kind":"trace","run":0,"workload":0,"process":0,"window":94588090313680,"frame":1,"sample":0,"queue":94588098144992,"submission":0,"fence":610228953416235,"query":0,"event":317,"category":11,"severity":0,"result":0,"value0":694170936066194,"value1":694170936634125}
{"kind":"trace","run":0,"workload":0,"process":0,"window":94588090313680,"frame":1,"sample":0,"queue":94588098144992,"submission":1,"fence":610228953416235,"query":0,"event":324,"category":11,"severity":0,"result":0,"value0":0,"value1":128}
{"kind":"trace","run":0,"workload":0,"process":0,"window":94588090313680,"frame":1,"sample":0,"queue":94588098144992,"submission":0,"fence":610228953416235,"query":0,"event":314,"category":6,"severity":0,"result":0,"value0":1000,"value1":1000}
{"kind":"trace","run":0,"workload":0,"process":0,"window":94588090313680,"frame":1,"sample":0,"queue":94588098144992,"submission":0,"fence":610228953416235,"query":0,"event":314,"category":11,"severity":0,"result":0,"value0":694170938517676,"value1":694170955267589}
{"kind":"trace","run":0,"workload":0,"process":0,"window":94588090313680,"frame":1,"sample":0,"queue":94588098144992,"submission":0,"fence":610228953416235,"query":0,"event":315,"category":6,"severity":0,"result":0,"value0":640000,"value1":4294967296640}
{"kind":"trace","run":0,"workload":0,"process":0,"window":94588090313680,"frame":1,"sample":0,"queue":94588098144992,"submission":0,"fence":610228953416235,"query":0,"event":317,"category":6,"severity":0,"result":0,"value0":1,"value1":1000}
{"kind":"trace","run":0,"workload":0,"process":0,"window":94588090313680,"frame":1,"sample":0,"queue":94588098144992,"submission":0,"fence":610228953416235,"query":0,"event":317,"category":11,"severity":0,"result":0,"value0":694170960011383,"value1":694170978927400}
{"kind":"trace","run":0,"workload":0,"process":0,"window":0,"frame":1,"sample":0,"queue":94588098144992,"submission":0,"fence":610228953416235,"query":0,"event":317,"category":12,"severity":0,"result":0,"value0":0,"value1":0}
{"kind":"trace","run":0,"workload":0,"process":0,"window":94588090313680,"frame":1,"sample":0,"queue":94588098144992,"submission":0,"fence":610228953416235,"query":0,"event":317,"category":11,"severity":0,"result":0,"value0":694170983572138,"value1":694170983877864}
{"kind":"trace","run":0,"workload":0,"process":0,"window":0,"frame":1,"sample":0,"queue":94588098144992,"submission":0,"fence":610228953416235,"query":0,"event":316,"category":12,"severity":0,"result":0,"value0":0,"value1":0}
{"kind":"trace","run":0,"workload":0,"process":0,"window":0,"frame":1,"sample":0,"queue":94588098144992,"submission":0,"fence":610228953416235,"query":0,"event":316,"category":12,"severity":0,"result":0,"value0":0,"value1":0}
{"kind":"trace","run":0,"workload":0,"process":0,"window":0,"frame":1,"sample":0,"queue":94588098144992,"submission":0,"fence":610228953416235,"query":0,"event":316,"category":12,"severity":0,"result":0,"value0":0,"value1":0}
{"kind":"trace","run":0,"workload":0,"process":0,"window":0,"frame":1,"sample":0,"queue":94588098144992,"submission":0,"fence":610228953416235,"query":0,"event":321,"category":12,"severity":0,"result":0,"value0":0,"value1":0}
{"kind":"trace","run":0,"workload":0,"process":0,"window":94588090313680,"frame":1,"sample":0,"queue":94588098144992,"submission":1,"fence":610228953416235,"query":0,"event":321,"category":11,"severity":0,"result":0,"value0":694170984441547,"value1":694170991965574}
{"kind":"trace","run":0,"workload":0,"process":0,"window":0,"frame":1,"sample":0,"queue":94588098144992,"submission":1,"fence":610228953416235,"query":0,"event":322,"category":12,"severity":0,"result":0,"value0":0,"value1":0}
{"kind":"trace","run":0,"workload":0,"process":0,"window":0,"frame":1,"sample":0,"queue":94588098144992,"submission":1,"fence":610228953416235,"query":0,"event":123,"category":12,"severity":0,"result":0,"value0":0,"value1":0}
{"kind":"trace","run":0,"workload":0,"process":0,"window":94588090313680,"frame":1,"sample":0,"queue":94588098144992,"submission":1,"fence":610228953416235,"query":0,"event":123,"category":11,"severity":0,"result":0,"value0":694170992572799,"value1":694170994028583}
{"kind":"trace","run":0,"workload":0,"process":0,"window":94588090313680,"frame":1,"sample":0,"queue":94588098144992,"submission":1,"fence":610228953416235,"query":0,"event":301,"category":11,"severity":0,"result":0,"value0":1,"value1":0}
{"kind":"trace","run":0,"workload":0,"process":0,"window":0,"frame":0,"sample":0,"queue":94588098144992,"submission":0,"fence":0,"query":0,"event":322,"category":12,"severity":0,"result":0,"value0":0,"value1":0}
{"kind":"trace","run":0,"workload":0,"process":0,"window":0,"frame":0,"sample":0,"queue":94588098144992,"submission":0,"fence":0,"query":0,"event":322,"category":12,"severity":0,"result":0,"value0":0,"value1":0}
{"kind":"trace","run":0,"workload":0,"process":0,"window":0,"frame":0,"sample":0,"queue":94588098144992,"submission":0,"fence":0,"query":0,"event":322,"category":12,"severity":0,"result":0,"value0":0,"value1":0}
{"kind":"trace","run":0,"workload":0,"process":0,"window":94588090313680,"frame":0,"sample":1,"queue":94588098144992,"submission":0,"fence":0,"query":0,"event":310,"category":11,"severity":0,"result":1,"value0":3775448,"value1":2112}
{"kind":"trace","run":0,"workload":0,"process":0,"window":94588090313680,"frame":0,"sample":2,"queue":94588098144992,"submission":0,"fence":0,"query":0,"event":311,"category":11,"severity":0,"result":2,"value0":1513,"value1":0}
{"kind":"trace","run":0,"workload":0,"process":0,"window":94588090313680,"frame":0,"sample":4,"queue":94588098144992,"submission":0,"fence":0,"query":0,"event":311,"category":11,"severity":0,"result":4,"value0":290,"value1":0}
{"kind":"trace","run":0,"workload":0,"process":0,"window":94588090313680,"frame":0,"sample":9,"queue":94588098144992,"submission":0,"fence":0,"query":0,"event":311,"category":11,"severity":0,"result":9,"value0":801,"value1":0}
{"kind":"trace","run":0,"workload":0,"process":0,"window":94588090313680,"frame":0,"sample":11,"queue":94588098144992,"submission":0,"fence":0,"query":0,"event":311,"category":11,"severity":0,"result":11,"value0":190,"value1":0}
{"kind":"trace","run":0,"workload":0,"process":0,"window":94588090313680,"frame":2,"sample":0,"queue":94588098144992,"submission":0,"fence":0,"query":0,"event":300,"category":11,"severity":0,"result":0,"value0":1000,"value1":640}
{"kind":"trace","run":0,"workload":0,"process":0,"window":0,"frame":2,"sample":0,"queue":94588098144992,"submission":0,"fence":0,"query":0,"event":322,"category":12,"severity":0,"result":0,"value0":0,"value1":0}
{"kind":"trace","run":0,"workload":0,"process":0,"window":0,"frame":2,"sample":0,"queue":94588098144992,"submission":0,"fence":0,"query":0,"event":122,"category":12,"severity":0,"result":0,"value0":0,"value1":0}
{"kind":"trace","run":0,"workload":0,"process":0,"window":0,"frame":2,"sample":0,"queue":94588098144992,"submission":0,"fence":612427976671789,"query":0,"event":317,"category":12,"severity":0,"result":0,"value0":0,"value1":0}
{"kind":"trace","run":0,"workload":0,"process":0,"window":94588090313680,"frame":2,"sample":0,"queue":94588098144992,"submission":0,"fence":612427976671789,"query":0,"event":317,"category":11,"severity":0,"result":0,"value0":694171003222258,"value1":694171003233049}
{"kind":"trace","run":0,"workload":0,"process":0,"window":94588090313680,"frame":2,"sample":0,"queue":94588098144992,"submission":1,"fence":612427976671789,"query":0,"event":324,"category":11,"severity":0,"result":0,"value0":128,"value1":128}
{"kind":"trace","run":0,"workload":0,"process":0,"window":94588090313680,"frame":2,"sample":0,"queue":94588098144992,"submission":0,"fence":612427976671789,"query":0,"event":314,"category":6,"severity":0,"result":0,"value0":1000,"value1":1000}
{"kind":"trace","run":0,"workload":0,"process":0,"window":94588090313680,"frame":2,"sample":0,"queue":94588098144992,"submission":0,"fence":612427976671789,"query":0,"event":314,"category":11,"severity":0,"result":0,"value0":694171003254118,"value1":694171005584613}
{"kind":"trace","run":0,"workload":0,"process":0,"window":94588090313680,"frame":2,"sample":0,"queue":94588098144992,"submission":0,"fence":612427976671789,"query":0,"event":315,"category":6,"severity":0,"result":0,"value0":640000,"value1":4294967296640}
{"kind":"trace","run":0,"workload":0,"process":0,"window":94588090313680,"frame":2,"sample":0,"queue":94588098144992,"submission":0,"fence":612427976671789,"query":0,"event":317,"category":6,"severity":0,"result":0,"value0":1,"value1":1000}
{"kind":"trace","run":0,"workload":0,"process":0,"window":94588090313680,"frame":2,"sample":0,"queue":94588098144992,"submission":0,"fence":612427976671789,"query":0,"event":317,"category":11,"severity":0,"result":0,"value0":694171005607255,"value1":694171006694976}
{"kind":"trace","run":0,"workload":0,"process":0,"window":0,"frame":2,"sample":0,"queue":94588098144992,"submission":0,"fence":612427976671789,"query":0,"event":317,"category":12,"severity":0,"result":0,"value0":0,"value1":0}
{"kind":"trace","run":0,"workload":0,"process":0,"window":94588090313680,"frame":2,"sample":0,"queue":94588098144992,"submission":0,"fence":612427976671789,"query":0,"event":317,"category":11,"severity":0,"result":0,"value0":694171006746423,"value1":694171006764898}
{"kind":"trace","run":0,"workload":0,"process":0,"window":0,"frame":2,"sample":0,"queue":94588098144992,"submission":0,"fence":612427976671789,"query":0,"event":316,"category":12,"severity":0,"result":0,"value0":0,"value1":0}
{"kind":"trace","run":0,"workload":0,"process":0,"window":0,"frame":2,"sample":0,"queue":94588098144992,"submission":0,"fence":612427976671789,"query":0,"event":316,"category":12,"severity":0,"result":0,"value0":0,"value1":0}
{"kind":"trace","run":0,"workload":0,"process":0,"window":0,"frame":2,"sample":0,"queue":94588098144992,"submission":0,"fence":612427976671789,"query":0,"event":316,"category":12,"severity":0,"result":0,"value0":0,"value1":0}
{"kind":"trace","run":0,"workload":0,"process":0,"window":0,"frame":2,"sample":0,"queue":94588098144992,"submission":0,"fence":612427976671789,"query":0,"event":321,"category":12,"severity":0,"result":0,"value0":0,"value1":0}
{"kind":"trace","run":0,"workload":0,"process":0,"window":94588090313680,"frame":2,"sample":0,"queue":94588098144992,"submission":1,"fence":612427976671789,"query":0,"event":321,"category":11,"severity":0,"result":0,"value0":694171006768926,"value1":694171007095512}
{"kind":"trace","run":0,"workload":0,"process":0,"window":0,"frame":2,"sample":0,"queue":94588098144992,"submission":1,"fence":612427976671789,"query":0,"event":322,"category":12,"severity":0,"result":0,"value0":0,"value1":0}
{"kind":"trace","run":0,"workload":0,"process":0,"window":0,"frame":2,"sample":0,"queue":94588098144992,"submission":1,"fence":612427976671789,"query":0,"event":123,"category":12,"severity":0,"result":0,"value0":0,"value1":0}
{"kind":"trace","run":0,"workload":0,"process":0,"window":94588090313680,"frame":2,"sample":0,"queue":94588098144992,"submission":1,"fence":612427976671789,"query":0,"event":123,"category":11,"severity":0,"result":0,"value0":694171007133734,"value1":694171007224395}
{"kind":"trace","run":0,"workload":0,"process":0,"window":94588090313680,"frame":2,"sample":0,"queue":94588098144992,"submission":1,"fence":612427976671789,"query":0,"event":301,"category":11,"severity":0,"result":0,"value0":1,"value1":0}
{"kind":"trace","run":0,"workload":0,"process":0,"window":0,"frame":0,"sample":0,"queue":94588098144992,"submission":0,"fence":0,"query":0,"event":322,"category":12,"severity":0,"result":0,"value0":0,"value1":0}
{"kind":"trace","run":0,"workload":0,"process":0,"window":0,"frame":0,"sample":0,"queue":94588098144992,"submission":0,"fence":0,"query":0,"event":322,"category":12,"severity":0,"result":0,"value0":0,"value1":0}
{"kind":"trace","run":0,"workload":0,"process":0,"window":0,"frame":0,"sample":0,"queue":94588098144992,"submission":0,"fence":0,"query":0,"event":322,"category":12,"severity":0,"result":0,"value0":0,"value1":0}
{"kind":"trace","run":0,"workload":0,"process":0,"window":94588090313680,"frame":0,"sample":1,"queue":94588098144992,"submission":0,"fence":0,"query":0,"event":310,"category":11,"severity":0,"result":1,"value0":1838035,"value1":2112}
{"kind":"trace","run":0,"workload":0,"process":0,"window":94588090313680,"frame":0,"sample":2,"queue":94588098144992,"submission":0,"fence":0,"query":0,"event":311,"category":11,"severity":0,"result":2,"value0":952,"value1":0}
{"kind":"trace","run":0,"workload":0,"process":0,"window":94588090313680,"frame":0,"sample":4,"queue":94588098144992,"submission":0,"fence":0,"query":0,"event":311,"category":11,"severity":0,"result":4,"value0":321,"value1":0}
{"kind":"trace","run":0,"workload":0,"process":0,"window":94588090313680,"frame":0,"sample":9,"queue":94588098144992,"submission":0,"fence":0,"query":0,"event":311,"category":11,"severity":0,"result":9,"value0":461,"value1":0}
{"kind":"trace","run":0,"workload":0,"process":0,"window":94588090313680,"frame":0,"sample":11,"queue":94588098144992,"submission":0,"fence":0,"query":0,"event":311,"category":11,"severity":0,"result":11,"value0":190,"value1":0}
{"kind":"trace","run":0,"workload":0,"process":0,"window":94588090313680,"frame":3,"sample":0,"queue":94588098144992,"submission":0,"fence":0,"query":0,"event":300,"category":11,"severity":0,"result":0,"value0":1000,"value1":640}
{"kind":"trace","run":0,"workload":0,"process":0,"window":0,"frame":3,"sample":0,"queue":94588098144992,"submission":0,"fence":0,"query":0,"event":322,"category":12,"severity":0,"result":0,"value0":0,"value1":0}
{"kind":"trace","run":0,"workload":0,"process":0,"window":94588090313680,"frame":1,"sample":0,"queue":94588098144992,"submission":1,"fence":610228953416235,"query":0,"event":316,"category":11,"severity":0,"result":0,"value0":96,"value1":96}
{"kind":"trace","run":0,"workload":0,"process":0,"window":94588090313680,"frame":1,"sample":0,"queue":94588098144992,"submission":1,"fence":610228953416235,"query":32,"event":318,"category":11,"severity":0,"result":0,"value0":12288,"value1":12288}
{"kind":"trace","run":0,"workload":0,"process":0,"window":0,"frame":3,"sample":0,"queue":94588098144992,"submission":1,"fence":610228953416235,"query":0,"event":324,"category":12,"severity":0,"result":0,"value0":0,"value1":0}
{"kind":"trace","run":0,"workload":0,"process":0,"window":0,"frame":3,"sample":0,"queue":94588098144992,"submission":0,"fence":0,"query":0,"event":122,"category":12,"severity":0,"result":0,"value0":0,"value1":0}
{"kind":"trace","run":0,"workload":0,"process":0,"window":0,"frame":3,"sample":0,"queue":94588098144992,"submission":1,"fence":610228953416235,"query":0,"event":317,"category":12,"severity":0,"result":0,"value0":0,"value1":0}
{"kind":"trace","run":0,"workload":0,"process":0,"window":94588090313680,"frame":3,"sample":0,"queue":94588098144992,"submission":1,"fence":610228953416235,"query":0,"event":317,"category":11,"severity":0,"result":0,"value0":694171011710764,"value1":694171011724780}
{"kind":"trace","run":0,"workload":0,"process":0,"window":94588090313680,"frame":3,"sample":0,"queue":94588098144992,"submission":2,"fence":610228953416235,"query":0,"event":324,"category":11,"severity":0,"result":0,"value0":0,"value1":128}
{"kind":"trace","run":0,"workload":0,"process":0,"window":94588090313680,"frame":3,"sample":0,"queue":94588098144992,"submission":1,"fence":610228953416235,"query":0,"event":314,"category":6,"severity":0,"result":0,"value0":1000,"value1":1000}
{"kind":"trace","run":0,"workload":0,"process":0,"window":94588090313680,"frame":3,"sample":0,"queue":94588098144992,"submission":1,"fence":610228953416235,"query":0,"event":314,"category":11,"severity":0,"result":0,"value0":694171011738566,"value1":694171013064486}
{"kind":"trace","run":0,"workload":0,"process":0,"window":94588090313680,"frame":3,"sample":0,"queue":94588098144992,"submission":1,"fence":610228953416235,"query":0,"event":315,"category":6,"severity":0,"result":0,"value0":640000,"value1":4294967296640}
{"kind":"trace","run":0,"workload":0,"process":0,"window":94588090313680,"frame":3,"sample":0,"queue":94588098144992,"submission":1,"fence":610228953416235,"query":0,"event":317,"category":6,"severity":0,"result":0,"value0":1,"value1":1000}
{"kind":"trace","run":0,"workload":0,"process":0,"window":94588090313680,"frame":3,"sample":0,"queue":94588098144992,"submission":1,"fence":610228953416235,"query":0,"event":317,"category":11,"severity":0,"result":0,"value0":694171013087810,"value1":694171015448211}
{"kind":"trace","run":0,"workload":0,"process":0,"window":0,"frame":3,"sample":0,"queue":94588098144992,"submission":1,"fence":610228953416235,"query":0,"event":317,"category":12,"severity":0,"result":0,"value0":0,"value1":0}
{"kind":"trace","run":0,"workload":0,"process":0,"window":94588090313680,"frame":3,"sample":0,"queue":94588098144992,"submission":1,"fence":610228953416235,"query":0,"event":317,"category":11,"severity":0,"result":0,"value0":694171015501391,"value1":694171015520036}
{"kind":"trace","run":0,"workload":0,"process":0,"window":0,"frame":3,"sample":0,"queue":94588098144992,"submission":1,"fence":610228953416235,"query":0,"event":316,"category":12,"severity":0,"result":0,"value0":0,"value1":0}
{"kind":"trace","run":0,"workload":0,"process":0,"window":0,"frame":3,"sample":0,"queue":94588098144992,"submission":1,"fence":610228953416235,"query":0,"event":316,"category":12,"severity":0,"result":0,"value0":0,"value1":0}
{"kind":"trace","run":0,"workload":0,"process":0,"window":0,"frame":3,"sample":0,"queue":94588098144992,"submission":1,"fence":610228953416235,"query":0,"event":316,"category":12,"severity":0,"result":0,"value0":0,"value1":0}
{"kind":"trace","run":0,"workload":0,"process":0,"window":0,"frame":3,"sample":0,"queue":94588098144992,"submission":1,"fence":610228953416235,"query":0,"event":321,"category":12,"severity":0,"result":0,"value0":0,"value1":0}
{"kind":"trace","run":0,"workload":0,"process":0,"window":94588090313680,"frame":3,"sample":0,"queue":94588098144992,"submission":2,"fence":610228953416235,"query":0,"event":321,"category":11,"severity":0,"result":0,"value0":694171015528252,"value1":694171015660030}
{"kind":"trace","run":0,"workload":0,"process":0,"window":0,"frame":3,"sample":0,"queue":94588098144992,"submission":2,"fence":610228953416235,"query":0,"event":322,"category":12,"severity":0,"result":0,"value0":0,"value1":0}
{"kind":"trace","run":0,"workload":0,"process":0,"window":0,"frame":3,"sample":0,"queue":94588098144992,"submission":2,"fence":610228953416235,"query":0,"event":123,"category":12,"severity":0,"result":0,"value0":0,"value1":0}
{"kind":"trace","run":0,"workload":0,"process":0,"window":94588090313680,"frame":3,"sample":0,"queue":94588098144992,"submission":2,"fence":610228953416235,"query":0,"event":123,"category":11,"severity":0,"result":0,"value0":694171015698092,"value1":694171015787631}
{"kind":"trace","run":0,"workload":0,"process":0,"window":94588090313680,"frame":3,"sample":0,"queue":94588098144992,"submission":2,"fence":610228953416235,"query":0,"event":301,"category":11,"severity":0,"result":0,"value0":1,"value1":0}
{"kind":"trace","run":0,"workload":0,"process":0,"window":94588090313680,"frame":0,"sample":1,"queue":94588098144992,"submission":0,"fence":0,"query":0,"event":310,"category":11,"severity":0,"result":1,"value0":261,"value1":0}
{"kind":"trace","run":0,"workload":0,"process":0,"window":94588090313680,"frame":0,"sample":2,"queue":94588098144992,"submission":0,"fence":0,"query":0,"event":311,"category":11,"severity":0,"result":2,"value0":1092,"value1":0}
{"kind":"trace","run":0,"workload":0,"process":0,"window":94588090313680,"frame":0,"sample":4,"queue":94588098144992,"submission":0,"fence":0,"query":0,"event":311,"category":11,"severity":0,"result":4,"value0":430,"value1":0}
{"kind":"trace","run":0,"workload":0,"process":0,"window":94588090313680,"frame":0,"sample":9,"queue":94588098144992,"submission":0,"fence":0,"query":0,"event":311,"category":11,"severity":0,"result":9,"value0":511,"value1":0}
{"kind":"trace","run":0,"workload":0,"process":0,"window":94588090313680,"frame":0,"sample":11,"queue":94588098144992,"submission":0,"fence":0,"query":0,"event":311,"category":11,"severity":0,"result":11,"value0":150,"value1":0}
{"kind":"trace","run":0,"workload":0,"process":0,"window":94588090313680,"frame":4,"sample":0,"queue":94588098144992,"submission":0,"fence":0,"query":0,"event":300,"category":11,"severity":0,"result":0,"value0":1000,"value1":640}
{"kind":"trace","run":0,"workload":0,"process":0,"window":0,"frame":4,"sample":0,"queue":94588098144992,"submission":0,"fence":0,"query":0,"event":322,"category":12,"severity":0,"result":0,"value0":0,"value1":0}
{"kind":"trace","run":0,"workload":0,"process":0,"window":94588090313680,"frame":2,"sample":0,"queue":94588098144992,"submission":1,"fence":612427976671789,"query":128,"event":316,"category":11,"severity":0,"result":0,"value0":96,"value1":96}
{"kind":"trace","run":0,"workload":0,"process":0,"window":94588090313680,"frame":2,"sample":0,"queue":94588098144992,"submission":1,"fence":612427976671789,"query":160,"event":318,"category":11,"severity":0,"result":0,"value0":10240,"value1":10240}
{"kind":"trace","run":0,"workload":0,"process":0,"window":0,"frame":4,"sample":0,"queue":94588098144992,"submission":1,"fence":612427976671789,"query":0,"event":324,"category":12,"severity":0,"result":0,"value0":0,"value1":0}
{"kind":"trace","run":0,"workload":0,"process":0,"window":0,"frame":4,"sample":0,"queue":94588098144992,"submission":0,"fence":0,"query":0,"event":122,"category":12,"severity":0,"result":0,"value0":0,"value1":0}
{"kind":"trace","run":0,"workload":0,"process":0,"window":0,"frame":4,"sample":0,"queue":94588098144992,"submission":1,"fence":612427976671789,"query":0,"event":317,"category":12,"severity":0,"result":0,"value0":0,"value1":0}
{"kind":"trace","run":0,"workload":0,"process":0,"window":94588090313680,"frame":4,"sample":0,"queue":94588098144992,"submission":1,"fence":612427976671789,"query":0,"event":317,"category":11,"severity":0,"result":0,"value0":694171016013958,"value1":694171016024227}
{"kind":"trace","run":0,"workload":0,"process":0,"window":94588090313680,"frame":4,"sample":0,"queue":94588098144992,"submission":2,"fence":612427976671789,"query":0,"event":324,"category":11,"severity":0,"result":0,"value0":128,"value1":128}
{"kind":"trace","run":0,"workload":0,"process":0,"window":94588090313680,"frame":4,"sample":0,"queue":94588098144992,"submission":1,"fence":612427976671789,"query":0,"event":314,"category":6,"severity":0,"result":0,"value0":1000,"value1":1000}
{"kind":"trace","run":0,"workload":0,"process":0,"window":94588090313680,"frame":4,"sample":0,"queue":94588098144992,"submission":1,"fence":612427976671789,"query":0,"event":314,"category":11,"severity":0,"result":0,"value0":694171016035909,"value1":694171017319119}
{"kind":"trace","run":0,"workload":0,"process":0,"window":94588090313680,"frame":4,"sample":0,"queue":94588098144992,"submission":1,"fence":612427976671789,"query":0,"event":315,"category":6,"severity":0,"result":0,"value0":640000,"value1":4294967296640}
{"kind":"trace","run":0,"workload":0,"process":0,"window":94588090313680,"frame":4,"sample":0,"queue":94588098144992,"submission":1,"fence":612427976671789,"query":0,"event":317,"category":6,"severity":0,"result":0,"value0":1,"value1":1000}
{"kind":"trace","run":0,"workload":0,"process":0,"window":94588090313680,"frame":4,"sample":0,"queue":94588098144992,"submission":1,"fence":612427976671789,"query":0,"event":317,"category":11,"severity":0,"result":0,"value0":694171017336702,"value1":694171018334403}
{"kind":"trace","run":0,"workload":0,"process":0,"window":0,"frame":4,"sample":0,"queue":94588098144992,"submission":1,"fence":612427976671789,"query":0,"event":317,"category":12,"severity":0,"result":0,"value0":0,"value1":0}
{"kind":"trace","run":0,"workload":0,"process":0,"window":94588090313680,"frame":4,"sample":0,"queue":94588098144992,"submission":1,"fence":612427976671789,"query":0,"event":317,"category":11,"severity":0,"result":0,"value0":694171018372555,"value1":694171018389176}
{"kind":"trace","run":0,"workload":0,"process":0,"window":0,"frame":4,"sample":0,"queue":94588098144992,"submission":1,"fence":612427976671789,"query":0,"event":316,"category":12,"severity":0,"result":0,"value0":0,"value1":0}
{"kind":"trace","run":0,"workload":0,"process":0,"window":0,"frame":4,"sample":0,"queue":94588098144992,"submission":1,"fence":612427976671789,"query":0,"event":316,"category":12,"severity":0,"result":0,"value0":0,"value1":0}
{"kind":"trace","run":0,"workload":0,"process":0,"window":0,"frame":4,"sample":0,"queue":94588098144992,"submission":1,"fence":612427976671789,"query":0,"event":316,"category":12,"severity":0,"result":0,"value0":0,"value1":0}
{"kind":"trace","run":0,"workload":0,"process":0,"window":0,"frame":4,"sample":0,"queue":94588098144992,"submission":1,"fence":612427976671789,"query":0,"event":321,"category":12,"severity":0,"result":0,"value0":0,"value1":0}
{"kind":"trace","run":0,"workload":0,"process":0,"window":94588090313680,"frame":4,"sample":0,"queue":94588098144992,"submission":2,"fence":612427976671789,"query":0,"event":321,"category":11,"severity":0,"result":0,"value0":694171018394917,"value1":694171018488343}
{"kind":"trace","run":0,"workload":0,"process":0,"window":0,"frame":4,"sample":0,"queue":94588098144992,"submission":2,"fence":612427976671789,"query":0,"event":322,"category":12,"severity":0,"result":0,"value0":0,"value1":0}
{"kind":"trace","run":0,"workload":0,"process":0,"window":0,"frame":4,"sample":0,"queue":94588098144992,"submission":2,"fence":612427976671789,"query":0,"event":123,"category":12,"severity":0,"result":0,"value0":0,"value1":0}
{"kind":"trace","run":0,"workload":0,"process":0,"window":94588090313680,"frame":4,"sample":0,"queue":94588098144992,"submission":2,"fence":612427976671789,"query":0,"event":123,"category":11,"severity":0,"result":0,"value0":694171018544018,"value1":694171018646461}
{"kind":"trace","run":0,"workload":0,"process":0,"window":94588090313680,"frame":4,"sample":0,"queue":94588098144992,"submission":2,"fence":612427976671789,"query":0,"event":301,"category":11,"severity":0,"result":0,"value0":1,"value1":0}
{"kind":"trace","run":0,"workload":0,"process":0,"window":94588090313680,"frame":0,"sample":1,"queue":94588098144992,"submission":0,"fence":0,"query":0,"event":310,"category":11,"severity":0,"result":1,"value0":170,"value1":0}
{"kind":"trace","run":0,"workload":0,"process":0,"window":94588090313680,"frame":0,"sample":2,"queue":94588098144992,"submission":0,"fence":0,"query":0,"event":311,"category":11,"severity":0,"result":2,"value0":511,"value1":0}
{"kind":"trace","run":0,"workload":0,"process":0,"window":94588090313680,"frame":0,"sample":4,"queue":94588098144992,"submission":0,"fence":0,"query":0,"event":311,"category":11,"severity":0,"result":4,"value0":230,"value1":0}
{"kind":"trace","run":0,"workload":0,"process":0,"window":94588090313680,"frame":0,"sample":9,"queue":94588098144992,"submission":0,"fence":0,"query":0,"event":311,"category":11,"severity":0,"result":9,"value0":170,"value1":0}
{"kind":"trace","run":0,"workload":0,"process":0,"window":94588090313680,"frame":0,"sample":11,"queue":94588098144992,"submission":0,"fence":0,"query":0,"event":311,"category":11,"severity":0,"result":11,"value0":200,"value1":0}
{"kind":"trace","run":0,"workload":0,"process":0,"window":94588090313680,"frame":5,"sample":0,"queue":94588098144992,"submission":0,"fence":0,"query":0,"event":300,"category":11,"severity":0,"result":0,"value0":1000,"value1":640}
{"kind":"trace","run":0,"workload":0,"process":0,"window":0,"frame":5,"sample":0,"queue":94588098144992,"submission":0,"fence":0,"query":0,"event":322,"category":12,"severity":0,"result":0,"value0":0,"value1":0}
{"kind":"trace","run":0,"workload":0,"process":0,"window":94588090313680,"frame":3,"sample":0,"queue":94588098144992,"submission":2,"fence":610228953416235,"query":0,"event":316,"category":11,"severity":0,"result":0,"value0":96,"value1":96}
{"kind":"trace","run":0,"workload":0,"process":0,"window":94588090313680,"frame":3,"sample":0,"queue":94588098144992,"submission":2,"fence":610228953416235,"query":32,"event":318,"category":11,"severity":0,"result":0,"value0":11264,"value1":11264}
{"kind":"trace","run":0,"workload":0,"process":0,"window":0,"frame":5,"sample":0,"queue":94588098144992,"submission":2,"fence":610228953416235,"query":0,"event":324,"category":12,"severity":0,"result":0,"value0":0,"value1":0}
{"kind":"trace","run":0,"workload":0,"process":0,"window":0,"frame":5,"sample":0,"queue":94588098144992,"submission":0,"fence":0,"query":0,"event":122,"category":12,"severity":0,"result":0,"value0":0,"value1":0}
{"kind":"trace","run":0,"workload":0,"process":0,"window":0,"frame":5,"sample":0,"queue":94588098144992,"submission":2,"fence":610228953416235,"query":0,"event":317,"category":12,"severity":0,"result":0,"value0":0,"value1":0}
{"kind":"trace","run":0,"workload":0,"process":0,"window":94588090313680,"frame":5,"sample":0,"queue":94588098144992,"submission":2,"fence":610228953416235,"query":0,"event":317,"category":11,"severity":0,"result":0,"value0":694171018815460,"value1":694171018820830}
{"kind":"trace","run":0,"workload":0,"process":0,"window":94588090313680,"frame":5,"sample":0,"queue":94588098144992,"submission":3,"fence":610228953416235,"query":0,"event":324,"category":11,"severity":0,"result":0,"value0":0,"value1":128}
{"kind":"trace","run":0,"workload":0,"process":0,"window":94588090313680,"frame":5,"sample":0,"queue":94588098144992,"submission":2,"fence":610228953416235,"query":0,"event":314,"category":6,"severity":0,"result":0,"value0":1000,"value1":1000}
{"kind":"trace","run":0,"workload":0,"process":0,"window":94588090313680,"frame":5,"sample":0,"queue":94588098144992,"submission":2,"fence":610228953416235,"query":0,"event":314,"category":11,"severity":0,"result":0,"value0":694171018830348,"value1":694171020047533}
{"kind":"trace","run":0,"workload":0,"process":0,"window":94588090313680,"frame":5,"sample":0,"queue":94588098144992,"submission":2,"fence":610228953416235,"query":0,"event":315,"category":6,"severity":0,"result":0,"value0":640000,"value1":4294967296640}
{"kind":"trace","run":0,"workload":0,"process":0,"window":94588090313680,"frame":5,"sample":0,"queue":94588098144992,"submission":2,"fence":610228953416235,"query":0,"event":317,"category":6,"severity":0,"result":0,"value0":1,"value1":1000}
{"kind":"trace","run":0,"workload":0,"process":0,"window":94588090313680,"frame":5,"sample":0,"queue":94588098144992,"submission":2,"fence":610228953416235,"query":0,"event":317,"category":11,"severity":0,"result":0,"value0":694171020061980,"value1":694171021037189}
{"kind":"trace","run":0,"workload":0,"process":0,"window":0,"frame":5,"sample":0,"queue":94588098144992,"submission":2,"fence":610228953416235,"query":0,"event":317,"category":12,"severity":0,"result":0,"value0":0,"value1":0}
{"kind":"trace","run":0,"workload":0,"process":0,"window":94588090313680,"frame":5,"sample":0,"queue":94588098144992,"submission":2,"fence":610228953416235,"query":0,"event":317,"category":11,"severity":0,"result":0,"value0":694171021071995,"value1":694171021084939}
{"kind":"trace","run":0,"workload":0,"process":0,"window":0,"frame":5,"sample":0,"queue":94588098144992,"submission":2,"fence":610228953416235,"query":0,"event":316,"category":12,"severity":0,"result":0,"value0":0,"value1":0}
{"kind":"trace","run":0,"workload":0,"process":0,"window":0,"frame":5,"sample":0,"queue":94588098144992,"submission":2,"fence":610228953416235,"query":0,"event":316,"category":12,"severity":0,"result":0,"value0":0,"value1":0}
{"kind":"trace","run":0,"workload":0,"process":0,"window":0,"frame":5,"sample":0,"queue":94588098144992,"submission":2,"fence":610228953416235,"query":0,"event":316,"category":12,"severity":0,"result":0,"value0":0,"value1":0}
{"kind":"trace","run":0,"workload":0,"process":0,"window":0,"frame":5,"sample":0,"queue":94588098144992,"submission":2,"fence":610228953416235,"query":0,"event":321,"category":12,"severity":0,"result":0,"value0":0,"value1":0}
{"kind":"trace","run":0,"workload":0,"process":0,"window":94588090313680,"frame":5,"sample":0,"queue":94588098144992,"submission":3,"fence":610228953416235,"query":0,"event":321,"category":11,"severity":0,"result":0,"value0":694171021086021,"value1":694171021165281}
{"kind":"trace","run":0,"workload":0,"process":0,"window":0,"frame":5,"sample":0,"queue":94588098144992,"submission":3,"fence":610228953416235,"query":0,"event":322,"category":12,"severity":0,"result":0,"value0":0,"value1":0}
{"kind":"trace","run":0,"workload":0,"process":0,"window":0,"frame":5,"sample":0,"queue":94588098144992,"submission":3,"fence":610228953416235,"query":0,"event":123,"category":12,"severity":0,"result":0,"value0":0,"value1":0}
{"kind":"trace","run":0,"workload":0,"process":0,"window":94588090313680,"frame":5,"sample":0,"queue":94588098144992,"submission":3,"fence":610228953416235,"query":0,"event":123,"category":11,"severity":0,"result":0,"value0":694171021194706,"value1":694171021261732}
{"kind":"trace","run":0,"workload":0,"process":0,"window":94588090313680,"frame":5,"sample":0,"queue":94588098144992,"submission":3,"fence":610228953416235,"query":0,"event":301,"category":11,"severity":0,"result":0,"value0":1,"value1":0}
{"kind":"trace","run":0,"workload":0,"process":0,"window":94588090313680,"frame":0,"sample":1,"queue":94588098144992,"submission":0,"fence":0,"query":0,"event":310,"category":11,"severity":0,"result":1,"value0":501,"value1":0}
{"kind":"trace","run":0,"workload":0,"process":0,"window":94588090313680,"frame":0,"sample":2,"queue":94588098144992,"submission":0,"fence":0,"query":0,"event":311,"category":11,"severity":0,"result":2,"value0":1543,"value1":0}
{"kind":"trace","run":0,"workload":0,"process":0,"window":94588090313680,"frame":0,"sample":4,"queue":94588098144992,"submission":0,"fence":0,"query":0,"event":311,"category":11,"severity":0,"result":4,"value0":380,"value1":0}
{"kind":"trace","run":0,"workload":0,"process":0,"window":94588090313680,"frame":0,"sample":5,"queue":94588098144992,"submission":0,"fence":0,"query":0,"event":312,"category":11,"severity":0,"result":5,"value0":7004748,"value1":512712}
{"kind":"trace","run":0,"workload":0,"process":0,"window":94588090313680,"frame":0,"sample":6,"queue":94588098144992,"submission":0,"fence":0,"query":0,"event":312,"category":11,"severity":0,"result":6,"value0":520862,"value1":512408}
{"kind":"trace","run":0,"workload":0,"process":0,"window":94588090313680,"frame":0,"sample":8,"queue":94588098144992,"submission":0,"fence":0,"query":0,"event":312,"category":11,"severity":0,"result":8,"value0":20739,"value1":0}
{"kind":"trace","run":0,"workload":0,"process":0,"window":94588090313680,"frame":0,"sample":7,"queue":94588098144992,"submission":0,"fence":0,"query":0,"event":312,"category":11,"severity":0,"result":7,"value0":6463147,"value1":304}
{"kind":"trace","run":0,"workload":0,"process":0,"window":94588090313680,"frame":0,"sample":9,"queue":94588098144992,"submission":0,"fence":0,"query":0,"event":311,"category":11,"severity":0,"result":9,"value0":411,"value1":0}
{"kind":"trace","run":0,"workload":0,"process":0,"window":94588090313680,"frame":0,"sample":11,"queue":94588098144992,"submission":0,"fence":0,"query":0,"event":311,"category":11,"severity":0,"result":11,"value0":381,"value1":0}
{"kind":"trace","run":0,"workload":0,"process":0,"window":94588090313680,"frame":6,"sample":0,"queue":94588098144992,"submission":0,"fence":0,"query":0,"event":300,"category":11,"severity":0,"result":0,"value0":1000,"value1":640}
{"kind":"trace","run":0,"workload":0,"process":0,"window":0,"frame":6,"sample":0,"queue":94588098144992,"submission":0,"fence":0,"query":0,"event":322,"category":12,"severity":0,"result":0,"value0":0,"value1":0}
{"kind":"trace","run":0,"workload":0,"process":0,"window":94588090313680,"frame":4,"sample":0,"queue":94588098144992,"submission":2,"fence":612427976671789,"query":128,"event":316,"category":11,"severity":0,"result":0,"value0":96,"value1":96}
{"kind":"trace","run":0,"workload":0,"process":0,"window":94588090313680,"frame":4,"sample":0,"queue":94588098144992,"submission":2,"fence":612427976671789,"query":160,"event":318,"category":11,"severity":0,"result":0,"value0":9216,"value1":9216}
{"kind":"trace","run":0,"workload":0,"process":0,"window":0,"frame":6,"sample":0,"queue":94588098144992,"submission":2,"fence":612427976671789,"query":0,"event":324,"category":12,"severity":0,"result":0,"value0":0,"value1":0}
{"kind":"trace","run":0,"workload":0,"process":0,"window":0,"frame":6,"sample":0,"queue":94588098144992,"submission":0,"fence":0,"query":0,"event":122,"category":12,"severity":0,"result":0,"value0":0,"value1":0}
{"kind":"trace","run":0,"workload":0,"process":0,"window":0,"frame":6,"sample":0,"queue":94588098144992,"submission":2,"fence":612427976671789,"query":0,"event":317,"category":12,"severity":0,"result":0,"value0":0,"value1":0}
{"kind":"trace","run":0,"workload":0,"process":0,"window":94588090313680,"frame":6,"sample":0,"queue":94588098144992,"submission":2,"fence":612427976671789,"query":0,"event":317,"category":11,"severity":0,"result":0,"value0":694171029684874,"value1":694171029694863}
{"kind":"trace","run":0,"workload":0,"process":0,"window":94588090313680,"frame":6,"sample":0,"queue":94588098144992,"submission":3,"fence":612427976671789,"query":0,"event":324,"category":11,"severity":0,"result":0,"value0":128,"value1":128}
{"kind":"trace","run":0,"workload":0,"process":0,"window":94588090313680,"frame":6,"sample":0,"queue":94588098144992,"submission":2,"fence":612427976671789,"query":0,"event":314,"category":6,"severity":0,"result":0,"value0":1000,"value1":1001}
{"kind":"trace","run":0,"workload":0,"process":0,"window":94588090313680,"frame":6,"sample":0,"queue":94588098144992,"submission":2,"fence":612427976671789,"query":0,"event":314,"category":11,"severity":0,"result":0,"value0":694171029709070,"value1":694171031039749}
{"kind":"trace","run":0,"workload":0,"process":0,"window":94588090313680,"frame":6,"sample":0,"queue":94588098144992,"submission":2,"fence":612427976671789,"query":0,"event":315,"category":6,"severity":0,"result":1,"value0":640,"value1":171798691856}
{"kind":"trace","run":0,"workload":0,"process":0,"window":94588090313680,"frame":6,"sample":0,"queue":94588098144992,"submission":2,"fence":612427976671789,"query":0,"event":317,"category":6,"severity":0,"result":0,"value0":1,"value1":1000}
{"kind":"trace","run":0,"workload":0,"process":0,"window":94588090313680,"frame":6,"sample":0,"queue":94588098144992,"submission":2,"fence":612427976671789,"query":0,"event":317,"category":11,"severity":0,"result":0,"value0":694171031349092,"value1":694171032252366}
{"kind":"trace","run":0,"workload":0,"process":0,"window":0,"frame":6,"sample":0,"queue":94588098144992,"submission":2,"fence":612427976671789,"query":0,"event":317,"category":12,"severity":0,"result":0,"value0":0,"value1":0}
{"kind":"trace","run":0,"workload":0,"process":0,"window":94588090313680,"frame":6,"sample":0,"queue":94588098144992,"submission":2,"fence":612427976671789,"query":0,"event":317,"category":11,"severity":0,"result":0,"value0":694171032305516,"value1":694171032325704}
{"kind":"trace","run":0,"workload":0,"process":0,"window":0,"frame":6,"sample":0,"queue":94588098144992,"submission":2,"fence":612427976671789,"query":0,"event":316,"category":12,"severity":0,"result":0,"value0":0,"value1":0}
{"kind":"trace","run":0,"workload":0,"process":0,"window":0,"frame":6,"sample":0,"queue":94588098144992,"submission":2,"fence":612427976671789,"query":0,"event":316,"category":12,"severity":0,"result":0,"value0":0,"value1":0}
{"kind":"trace","run":0,"workload":0,"process":0,"window":0,"frame":6,"sample":0,"queue":94588098144992,"submission":2,"fence":612427976671789,"query":0,"event":316,"category":12,"severity":0,"result":0,"value0":0,"value1":0}
{"kind":"trace","run":0,"workload":0,"process":0,"window":0,"frame":6,"sample":0,"queue":94588098144992,"submission":2,"fence":612427976671789,"query":0,"event":321,"category":12,"severity":0,"result":0,"value0":0,"value1":0}
{"kind":"trace","run":0,"workload":0,"process":0,"window":94588090313680,"frame":6,"sample":0,"queue":94588098144992,"submission":3,"fence":612427976671789,"query":0,"event":321,"category":11,"severity":0,"result":0,"value0":694171032332396,"value1":694171032495895}
{"kind":"trace","run":0,"workload":0,"process":0,"window":0,"frame":6,"sample":0,"queue":94588098144992,"submission":3,"fence":612427976671789,"query":0,"event":322,"category":12,"severity":0,"result":0,"value0":0,"value1":0}
{"kind":"trace","run":0,"workload":0,"process":0,"window":0,"frame":6,"sample":0,"queue":94588098144992,"submission":3,"fence":612427976671789,"query":0,"event":123,"category":12,"severity":0,"result":0,"value0":0,"value1":0}
{"kind":"trace","run":0,"workload":0,"process":0,"window":94588090313680,"frame":6,"sample":0,"queue":94588098144992,"submission":3,"fence":612427976671789,"query":0,"event":123,"category":11,"severity":0,"result":0,"value0":694171032693427,"value1":694171032780351}
{"kind":"trace","run":0,"workload":0,"process":0,"window":94588090313680,"frame":6,"sample":0,"queue":94588098144992,"submission":3,"fence":612427976671789,"query":0,"event":301,"category":11,"severity":0,"result":0,"value0":1,"value1":0}
{"kind":"trace","run":0,"workload":0,"process":0,"window":94588090313680,"frame":0,"sample":1,"queue":94588098144992,"submission":0,"fence":0,"query":0,"event":310,"category":11,"severity":0,"result":1,"value0":251,"value1":0}
{"kind":"trace","run":0,"workload":0,"process":0,"window":94588090313680,"frame":0,"sample":2,"queue":94588098144992,"submission":0,"fence":0,"query":0,"event":311,"category":11,"severity":0,"result":2,"value0":1332,"value1":0}
{"kind":"trace","run":0,"workload":0,"process":0,"window":94588090313680,"frame":0,"sample":4,"queue":94588098144992,"submission":0,"fence":0,"query":0,"event":311,"category":11,"severity":0,"result":4,"value0":281,"value1":0}
{"kind":"trace","run":0,"workload":0,"process":0,"window":94588090313680,"frame":0,"sample":9,"queue":94588098144992,"submission":0,"fence":0,"query":0,"event":311,"category":11,"severity":0,"result":9,"value0":230,"value1":0}
{"kind":"trace","run":0,"workload":0,"process":0,"window":94588090313680,"frame":0,"sample":11,"queue":94588098144992,"submission":0,"fence":0,"query":0,"event":311,"category":11,"severity":0,"result":11,"value0":210,"value1":0}
{"kind":"trace","run":0,"workload":0,"process":0,"window":94588090313680,"frame":7,"sample":0,"queue":94588098144992,"submission":0,"fence":0,"query":0,"event":300,"category":11,"severity":0,"result":0,"value0":1000,"value1":640}
{"kind":"trace","run":0,"workload":0,"process":0,"window":0,"frame":7,"sample":0,"queue":94588098144992,"submission":0,"fence":0,"query":0,"event":322,"category":12,"severity":0,"result":0,"value0":0,"value1":0}
{"kind":"trace","run":0,"workload":0,"process":0,"window":94588090313680,"frame":5,"sample":0,"queue":94588098144992,"submission":3,"fence":610228953416235,"query":0,"event":316,"category":11,"severity":0,"result":0,"value0":96,"value1":96}
{"kind":"trace","run":0,"workload":0,"process":0,"window":94588090313680,"frame":5,"sample":0,"queue":94588098144992,"submission":3,"fence":610228953416235,"query":32,"event":318,"category":11,"severity":0,"result":0,"value0":9216,"value1":9216}
{"kind":"trace","run":0,"workload":0,"process":0,"window":0,"frame":7,"sample":0,"queue":94588098144992,"submission":3,"fence":610228953416235,"query":0,"event":324,"category":12,"severity":0,"result":0,"value0":0,"value1":0}
{"kind":"trace","run":0,"workload":0,"process":0,"window":0,"frame":7,"sample":0,"queue":94588098144992,"submission":0,"fence":0,"query":0,"event":122,"category":12,"severity":0,"result":0,"value0":0,"value1":0}
{"kind":"trace","run":0,"workload":0,"process":0,"window":0,"frame":7,"sample":0,"queue":94588098144992,"submission":3,"fence":610228953416235,"query":0,"event":317,"category":12,"severity":0,"result":0,"value0":0,"value1":0}
{"kind":"trace","run":0,"workload":0,"process":0,"window":94588090313680,"frame":7,"sample":0,"queue":94588098144992,"submission":3,"fence":610228953416235,"query":0,"event":317,"category":11,"severity":0,"result":0,"value0":694171034077597,"value1":694171034088177}
{"kind":"trace","run":0,"workload":0,"process":0,"window":94588090313680,"frame":7,"sample":0,"queue":94588098144992,"submission":4,"fence":610228953416235,"query":0,"event":324,"category":11,"severity":0,"result":0,"value0":0,"value1":128}
{"kind":"trace","run":0,"workload":0,"process":0,"window":94588090313680,"frame":7,"sample":0,"queue":94588098144992,"submission":3,"fence":610228953416235,"query":0,"event":314,"category":6,"severity":0,"result":0,"value0":1000,"value1":1001}
{"kind":"trace","run":0,"workload":0,"process":0,"window":94588090313680,"frame":7,"sample":0,"queue":94588098144992,"submission":3,"fence":610228953416235,"query":0,"event":314,"category":11,"severity":0,"result":0,"value0":694171034101412,"value1":694171035492775}
{"kind":"trace","run":0,"workload":0,"process":0,"window":94588090313680,"frame":7,"sample":0,"queue":94588098144992,"submission":3,"fence":610228953416235,"query":0,"event":315,"category":6,"severity":0,"result":1,"value0":640,"value1":171798691856}
{"kind":"trace","run":0,"workload":0,"process":0,"window":94588090313680,"frame":7,"sample":0,"queue":94588098144992,"submission":3,"fence":610228953416235,"query":0,"event":317,"category":6,"severity":0,"result":0,"value0":1,"value1":1000}
{"kind":"trace","run":0,"workload":0,"process":0,"window":94588090313680,"frame":7,"sample":0,"queue":94588098144992,"submission":3,"fence":610228953416235,"query":0,"event":317,"category":11,"severity":0,"result":0,"value0":694171035517021,"value1":694171036358127}
{"kind":"trace","run":0,"workload":0,"process":0,"window":0,"frame":7,"sample":0,"queue":94588098144992,"submission":3,"fence":610228953416235,"query":0,"event":317,"category":12,"severity":0,"result":0,"value0":0,"value1":0}
{"kind":"trace","run":0,"workload":0,"process":0,"window":94588090313680,"frame":7,"sample":0,"queue":94588098144992,"submission":3,"fence":610228953416235,"query":0,"event":317,"category":11,"severity":0,"result":0,"value0":694171036415575,"value1":694171036431505}
{"kind":"trace","run":0,"workload":0,"process":0,"window":0,"frame":7,"sample":0,"queue":94588098144992,"submission":3,"fence":610228953416235,"query":0,"event":316,"category":12,"severity":0,"result":0,"value0":0,"value1":0}
{"kind":"trace","run":0,"workload":0,"process":0,"window":0,"frame":7,"sample":0,"queue":94588098144992,"submission":3,"fence":610228953416235,"query":0,"event":316,"category":12,"severity":0,"result":0,"value0":0,"value1":0}
{"kind":"trace","run":0,"workload":0,"process":0,"window":0,"frame":7,"sample":0,"queue":94588098144992,"submission":3,"fence":610228953416235,"query":0,"event":316,"category":12,"severity":0,"result":0,"value0":0,"value1":0}
{"kind":"trace","run":0,"workload":0,"process":0,"window":0,"frame":7,"sample":0,"queue":94588098144992,"submission":3,"fence":610228953416235,"query":0,"event":321,"category":12,"severity":0,"result":0,"value0":0,"value1":0}
{"kind":"trace","run":0,"workload":0,"process":0,"window":94588090313680,"frame":7,"sample":0,"queue":94588098144992,"submission":4,"fence":610228953416235,"query":0,"event":321,"category":11,"severity":0,"result":0,"value0":694171036432768,"value1":694171036629268}
{"kind":"trace","run":0,"workload":0,"process":0,"window":0,"frame":7,"sample":0,"queue":94588098144992,"submission":4,"fence":610228953416235,"query":0,"event":322,"category":12,"severity":0,"result":0,"value0":0,"value1":0}
{"kind":"trace","run":0,"workload":0,"process":0,"window":0,"frame":7,"sample":0,"queue":94588098144992,"submission":4,"fence":610228953416235,"query":0,"event":123,"category":12,"severity":0,"result":0,"value0":0,"value1":0}
{"kind":"trace","run":0,"workload":0,"process":0,"window":94588090313680,"frame":7,"sample":0,"queue":94588098144992,"submission":4,"fence":610228953416235,"query":0,"event":123,"category":11,"severity":0,"result":0,"value0":694171036660637,"value1":694171036793829}
{"kind":"trace","run":0,"workload":0,"process":0,"window":94588090313680,"frame":7,"sample":0,"queue":94588098144992,"submission":4,"fence":610228953416235,"query":0,"event":301,"category":11,"severity":0,"result":0,"value0":1,"value1":0}
{"kind":"trace","run":0,"workload":0,"process":0,"window":94588090313680,"frame":0,"sample":1,"queue":94588098144992,"submission":0,"fence":0,"query":0,"event":310,"category":11,"severity":0,"result":1,"value0":241,"value1":0}
{"kind":"trace","run":0,"workload":0,"process":0,"window":94588090313680,"frame":0,"sample":2,"queue":94588098144992,"submission":0,"fence":0,"query":0,"event":311,"category":11,"severity":0,"result":2,"value0":1432,"value1":0}
{"kind":"trace","run":0,"workload":0,"process":0,"window":94588090313680,"frame":0,"sample":4,"queue":94588098144992,"submission":0,"fence":0,"query":0,"event":311,"category":11,"severity":0,"result":4,"value0":571,"value1":0}
{"kind":"trace","run":0,"workload":0,"process":0,"window":94588090313680,"frame":0,"sample":9,"queue":94588098144992,"submission":0,"fence":0,"query":0,"event":311,"category":11,"severity":0,"result":9,"value0":751,"value1":0}
{"kind":"trace","run":0,"workload":0,"process":0,"window":94588090313680,"frame":0,"sample":11,"queue":94588098144992,"submission":0,"fence":0,"query":0,"event":311,"category":11,"severity":0,"result":11,"value0":611,"value1":0}
{"kind":"trace","run":0,"workload":0,"process":0,"window":94588090313680,"frame":8,"sample":0,"queue":94588098144992,"submission":0,"fence":0,"query":0,"event":300,"category":11,"severity":0,"result":0,"value0":1000,"value1":640}
{"kind":"trace","run":0,"workload":0,"process":0,"window":0,"frame":8,"sample":0,"queue":94588098144992,"submission":0,"fence":0,"query":0,"event":322,"category":12,"severity":0,"result":0,"value0":0,"value1":0}
{"kind":"trace","run":0,"workload":0,"process":0,"window":94588090313680,"frame":6,"sample":0,"queue":94588098144992,"submission":3,"fence":612427976671789,"query":128,"event":316,"category":11,"severity":0,"result":0,"value0":96,"value1":96}
{"kind":"trace","run":0,"workload":0,"process":0,"window":94588090313680,"frame":6,"sample":0,"queue":94588098144992,"submission":3,"fence":612427976671789,"query":160,"event":318,"category":11,"severity":0,"result":0,"value0":3072,"value1":3072}
{"kind":"trace","run":0,"workload":0,"process":0,"window":0,"frame":8,"sample":0,"queue":94588098144992,"submission":3,"fence":612427976671789,"query":0,"event":324,"category":12,"severity":0,"result":0,"value0":0,"value1":0}
{"kind":"trace","run":0,"workload":0,"process":0,"window":0,"frame":8,"sample":0,"queue":94588098144992,"submission":0,"fence":0,"query":0,"event":122,"category":12,"severity":0,"result":0,"value0":0,"value1":0}
{"kind":"trace","run":0,"workload":0,"process":0,"window":0,"frame":8,"sample":0,"queue":94588098144992,"submission":3,"fence":612427976671789,"query":0,"event":317,"category":12,"severity":0,"result":0,"value0":0,"value1":0}
{"kind":"trace","run":0,"workload":0,"process":0,"window":94588090313680,"frame":8,"sample":0,"queue":94588098144992,"submission":3,"fence":612427976671789,"query":0,"event":317,"category":11,"severity":0,"result":0,"value0":694171037094916,"value1":694171037101729}
{"kind":"trace","run":0,"workload":0,"process":0,"window":94588090313680,"frame":8,"sample":0,"queue":94588098144992,"submission":4,"fence":612427976671789,"query":0,"event":324,"category":11,"severity":0,"result":0,"value0":128,"value1":128}
{"kind":"trace","run":0,"workload":0,"process":0,"window":94588090313680,"frame":8,"sample":0,"queue":94588098144992,"submission":3,"fence":612427976671789,"query":0,"event":314,"category":6,"severity":0,"result":0,"value0":1000,"value1":1001}
{"kind":"trace","run":0,"workload":0,"process":0,"window":94588090313680,"frame":8,"sample":0,"queue":94588098144992,"submission":3,"fence":612427976671789,"query":0,"event":314,"category":11,"severity":0,"result":0,"value0":694171037113581,"value1":694171038389808}
{"kind":"trace","run":0,"workload":0,"process":0,"window":94588090313680,"frame":8,"sample":0,"queue":94588098144992,"submission":3,"fence":612427976671789,"query":0,"event":315,"category":6,"severity":0,"result":1,"value0":640,"value1":171798691856}
{"kind":"trace","run":0,"workload":0,"process":0,"window":94588090313680,"frame":8,"sample":0,"queue":94588098144992,"submission":3,"fence":612427976671789,"query":0,"event":317,"category":6,"severity":0,"result":0,"value0":1,"value1":1000}
{"kind":"trace","run":0,"workload":0,"process":0,"window":94588090313680,"frame":8,"sample":0,"queue":94588098144992,"submission":3,"fence":612427976671789,"query":0,"event":317,"category":11,"severity":0,"result":0,"value0":694171038406549,"value1":694171039172944}
{"kind":"trace","run":0,"workload":0,"process":0,"window":0,"frame":8,"sample":0,"queue":94588098144992,"submission":3,"fence":612427976671789,"query":0,"event":317,"category":12,"severity":0,"result":0,"value0":0,"value1":0}
{"kind":"trace","run":0,"workload":0,"process":0,"window":94588090313680,"frame":8,"sample":0,"queue":94588098144992,"submission":3,"fence":612427976671789,"query":0,"event":317,"category":11,"severity":0,"result":0,"value0":694171039213030,"value1":694171039231315}
{"kind":"trace","run":0,"workload":0,"process":0,"window":0,"frame":8,"sample":0,"queue":94588098144992,"submission":3,"fence":612427976671789,"query":0,"event":316,"category":12,"severity":0,"result":0,"value0":0,"value1":0}
{"kind":"trace","run":0,"workload":0,"process":0,"window":0,"frame":8,"sample":0,"queue":94588098144992,"submission":3,"fence":612427976671789,"query":0,"event":316,"category":12,"severity":0,"result":0,"value0":0,"value1":0}
{"kind":"trace","run":0,"workload":0,"process":0,"window":0,"frame":8,"sample":0,"queue":94588098144992,"submission":3,"fence":612427976671789,"query":0,"event":316,"category":12,"severity":0,"result":0,"value0":0,"value1":0}
{"kind":"trace","run":0,"workload":0,"process":0,"window":0,"frame":8,"sample":0,"queue":94588098144992,"submission":3,"fence":612427976671789,"query":0,"event":321,"category":12,"severity":0,"result":0,"value0":0,"value1":0}
{"kind":"trace","run":0,"workload":0,"process":0,"window":94588090313680,"frame":8,"sample":0,"queue":94588098144992,"submission":4,"fence":612427976671789,"query":0,"event":321,"category":11,"severity":0,"result":0,"value0":694171039232577,"value1":694171039375587}
{"kind":"trace","run":0,"workload":0,"process":0,"window":0,"frame":8,"sample":0,"queue":94588098144992,"submission":4,"fence":612427976671789,"query":0,"event":322,"category":12,"severity":0,"result":0,"value0":0,"value1":0}
{"kind":"trace","run":0,"workload":0,"process":0,"window":0,"frame":8,"sample":0,"queue":94588098144992,"submission":4,"fence":612427976671789,"query":0,"event":123,"category":12,"severity":0,"result":0,"value0":0,"value1":0}
{"kind":"trace","run":0,"workload":0,"process":0,"window":94588090313680,"frame":8,"sample":0,"queue":94588098144992,"submission":4,"fence":612427976671789,"query":0,"event":123,"category":11,"severity":0,"result":0,"value0":694171039405703,"value1":694171039516993}
{"kind":"trace","run":0,"workload":0,"process":0,"window":94588090313680,"frame":8,"sample":0,"queue":94588098144992,"submission":4,"fence":612427976671789,"query":0,"event":301,"category":11,"severity":0,"result":0,"value0":1,"value1":0}
{"kind":"trace","run":0,"workload":0,"process":0,"window":94588090313680,"frame":0,"sample":1,"queue":94588098144992,"submission":0,"fence":0,"query":0,"event":310,"category":11,"severity":0,"result":1,"value0":161,"value1":0}
{"kind":"trace","run":0,"workload":0,"process":0,"window":94588090313680,"frame":0,"sample":2,"queue":94588098144992,"submission":0,"fence":0,"query":0,"event":311,"category":11,"severity":0,"result":2,"value0":772,"value1":0}
{"kind":"trace","run":0,"workload":0,"process":0,"window":94588090313680,"frame":0,"sample":4,"queue":94588098144992,"submission":0,"fence":0,"query":0,"event":311,"category":11,"severity":0,"result":4,"value0":280,"value1":0}
{"kind":"trace","run":0,"workload":0,"process":0,"window":94588090313680,"frame":0,"sample":9,"queue":94588098144992,"submission":0,"fence":0,"query":0,"event":311,"category":11,"severity":0,"result":9,"value0":401,"value1":0}
{"kind":"trace","run":0,"workload":0,"process":0,"window":94588090313680,"frame":0,"sample":11,"queue":94588098144992,"submission":0,"fence":0,"query":0,"event":311,"category":11,"severity":0,"result":11,"value0":170,"value1":0}
{"kind":"trace","run":0,"workload":0,"process":0,"window":94588090313680,"frame":9,"sample":0,"queue":94588098144992,"submission":0,"fence":0,"query":0,"event":300,"category":11,"severity":0,"result":0,"value0":1000,"value1":640}
{"kind":"trace","run":0,"workload":0,"process":0,"window":0,"frame":9,"sample":0,"queue":94588098144992,"submission":0,"fence":0,"query":0,"event":322,"category":12,"severity":0,"result":0,"value0":0,"value1":0}
{"kind":"trace","run":0,"workload":0,"process":0,"window":94588090313680,"frame":7,"sample":0,"queue":94588098144992,"submission":4,"fence":610228953416235,"query":0,"event":316,"category":11,"severity":0,"result":0,"value0":64,"value1":64}
{"kind":"trace","run":0,"workload":0,"process":0,"window":94588090313680,"frame":7,"sample":0,"queue":94588098144992,"submission":4,"fence":610228953416235,"query":32,"event":318,"category":11,"severity":0,"result":0,"value0":3072,"value1":3072}
{"kind":"trace","run":0,"workload":0,"process":0,"window":0,"frame":9,"sample":0,"queue":94588098144992,"submission":4,"fence":610228953416235,"query":0,"event":324,"category":12,"severity":0,"result":0,"value0":0,"value1":0}
{"kind":"trace","run":0,"workload":0,"process":0,"window":0,"frame":9,"sample":0,"queue":94588098144992,"submission":0,"fence":0,"query":0,"event":122,"category":12,"severity":0,"result":0,"value0":0,"value1":0}
{"kind":"trace","run":0,"workload":0,"process":0,"window":0,"frame":9,"sample":0,"queue":94588098144992,"submission":4,"fence":610228953416235,"query":0,"event":317,"category":12,"severity":0,"result":0,"value0":0,"value1":0}
{"kind":"trace","run":0,"workload":0,"process":0,"window":94588090313680,"frame":9,"sample":0,"queue":94588098144992,"submission":4,"fence":610228953416235,"query":0,"event":317,"category":11,"severity":0,"result":0,"value0":694171039718934,"value1":694171039724354}
{"kind":"trace","run":0,"workload":0,"process":0,"window":94588090313680,"frame":9,"sample":0,"queue":94588098144992,"submission":5,"fence":610228953416235,"query":0,"event":324,"category":11,"severity":0,"result":0,"value0":0,"value1":128}
{"kind":"trace","run":0,"workload":0,"process":0,"window":94588090313680,"frame":9,"sample":0,"queue":94588098144992,"submission":4,"fence":610228953416235,"query":0,"event":314,"category":6,"severity":0,"result":0,"value0":1000,"value1":1001}
{"kind":"trace","run":0,"workload":0,"process":0,"window":94588090313680,"frame":9,"sample":0,"queue":94588098144992,"submission":4,"fence":610228953416235,"query":0,"event":314,"category":11,"severity":0,"result":0,"value0":694171039733521,"value1":694171041065793}
{"kind":"trace","run":0,"workload":0,"process":0,"window":94588090313680,"frame":9,"sample":0,"queue":94588098144992,"submission":4,"fence":610228953416235,"query":0,"event":315,"category":6,"severity":0,"result":0,"value0":640000,"value1":4294967296640}
{"kind":"trace","run":0,"workload":0,"process":0,"window":94588090313680,"frame":9,"sample":0,"queue":94588098144992,"submission":4,"fence":610228953416235,"query":0,"event":317,"category":6,"severity":0,"result":0,"value0":1,"value1":1000}
{"kind":"trace","run":0,"workload":0,"process":0,"window":94588090313680,"frame":9,"sample":0,"queue":94588098144992,"submission":4,"fence":610228953416235,"query":0,"event":317,"category":11,"severity":0,"result":0,"value0":694171041080241,"value1":694171042118829}
{"kind":"trace","run":0,"workload":0,"process":0,"window":0,"frame":9,"sample":0,"queue":94588098144992,"submission":4,"fence":610228953416235,"query":0,"event":317,"category":12,"severity":0,"result":0,"value0":0,"value1":0}
{"kind":"trace","run":0,"workload":0,"process":0,"window":94588090313680,"frame":9,"sample":0,"queue":94588098144992,"submission":4,"fence":610228953416235,"query":0,"event":317,"category":11,"severity":0,"result":0,"value0":694171042153995,"value1":694171042166419}
{"kind":"trace","run":0,"workload":0,"process":0,"window":0,"frame":9,"sample":0,"queue":94588098144992,"submission":4,"fence":610228953416235,"query":0,"event":316,"category":12,"severity":0,"result":0,"value0":0,"value1":0}
{"kind":"trace","run":0,"workload":0,"process":0,"window":0,"frame":9,"sample":0,"queue":94588098144992,"submission":4,"fence":610228953416235,"query":0,"event":316,"category":12,"severity":0,"result":0,"value0":0,"value1":0}
{"kind":"trace","run":0,"workload":0,"process":0,"window":0,"frame":9,"sample":0,"queue":94588098144992,"submission":4,"fence":610228953416235,"query":0,"event":316,"category":12,"severity":0,"result":0,"value0":0,"value1":0}
{"kind":"trace","run":0,"workload":0,"process":0,"window":0,"frame":9,"sample":0,"queue":94588098144992,"submission":4,"fence":610228953416235,"query":0,"event":321,"category":12,"severity":0,"result":0,"value0":0,"value1":0}
{"kind":"trace","run":0,"workload":0,"process":0,"window":94588090313680,"frame":9,"sample":0,"queue":94588098144992,"submission":5,"fence":610228953416235,"query":0,"event":321,"category":11,"severity":0,"result":0,"value0":694171042167541,"value1":694171042262650}
{"kind":"trace","run":0,"workload":0,"process":0,"window":0,"frame":9,"sample":0,"queue":94588098144992,"submission":5,"fence":610228953416235,"query":0,"event":322,"category":12,"severity":0,"result":0,"value0":0,"value1":0}
{"kind":"trace","run":0,"workload":0,"process":0,"window":0,"frame":9,"sample":0,"queue":94588098144992,"submission":5,"fence":610228953416235,"query":0,"event":123,"category":12,"severity":0,"result":0,"value0":0,"value1":0}
{"kind":"trace","run":0,"workload":0,"process":0,"window":94588090313680,"frame":9,"sample":0,"queue":94588098144992,"submission":5,"fence":610228953416235,"query":0,"event":123,"category":11,"severity":0,"result":0,"value0":694171042291845,"value1":694171042365664}
{"kind":"trace","run":0,"workload":0,"process":0,"window":94588090313680,"frame":9,"sample":0,"queue":94588098144992,"submission":5,"fence":610228953416235,"query":0,"event":301,"category":11,"severity":0,"result":0,"value0":1,"value1":0}
{"kind":"trace","run":0,"workload":0,"process":0,"window":94588090313680,"frame":0,"sample":1,"queue":94588098144992,"submission":0,"fence":0,"query":0,"event":310,"category":11,"severity":0,"result":1,"value0":171,"value1":0}
{"kind":"trace","run":0,"workload":0,"process":0,"window":94588090313680,"frame":0,"sample":2,"queue":94588098144992,"submission":0,"fence":0,"query":0,"event":311,"category":11,"severity":0,"result":2,"value0":571,"value1":0}
{"kind":"trace","run":0,"workload":0,"process":0,"window":94588090313680,"frame":0,"sample":4,"queue":94588098144992,"submission":0,"fence":0,"query":0,"event":311,"category":11,"severity":0,"result":4,"value0":121,"value1":0}
{"kind":"trace","run":0,"workload":0,"process":0,"window":94588090313680,"frame":0,"sample":9,"queue":94588098144992,"submission":0,"fence":0,"query":0,"event":311,"category":11,"severity":0,"result":9,"value0":130,"value1":0}
{"kind":"trace","run":0,"workload":0,"process":0,"window":94588090313680,"frame":0,"sample":11,"queue":94588098144992,"submission":0,"fence":0,"query":0,"event":311,"category":11,"severity":0,"result":11,"value0":130,"value1":0}
{"kind":"trace","run":0,"workload":0,"process":0,"window":94588090313680,"frame":10,"sample":0,"queue":94588098144992,"submission":0,"fence":0,"query":0,"event":300,"category":11,"severity":0,"result":0,"value0":1000,"value1":640}
{"kind":"trace","run":0,"workload":0,"process":0,"window":0,"frame":10,"sample":0,"queue":94588098144992,"submission":0,"fence":0,"query":0,"event":322,"category":12,"severity":0,"result":0,"value0":0,"value1":0}
{"kind":"trace","run":0,"workload":0,"process":0,"window":94588090313680,"frame":8,"sample":0,"queue":94588098144992,"submission":4,"fence":612427976671789,"query":128,"event":316,"category":11,"severity":0,"result":0,"value0":64,"value1":64}
{"kind":"trace","run":0,"workload":0,"process":0,"window":94588090313680,"frame":8,"sample":0,"queue":94588098144992,"submission":4,"fence":612427976671789,"query":160,"event":318,"category":11,"severity":0,"result":0,"value0":3072,"value1":3072}
{"kind":"trace","run":0,"workload":0,"process":0,"window":0,"frame":10,"sample":0,"queue":94588098144992,"submission":4,"fence":612427976671789,"query":0,"event":324,"category":12,"severity":0,"result":0,"value0":0,"value1":0}
{"kind":"trace","run":0,"workload":0,"process":0,"window":0,"frame":10,"sample":0,"queue":94588098144992,"submission":0,"fence":0,"query":0,"event":122,"category":12,"severity":0,"result":0,"value0":0,"value1":0}
{"kind":"trace","run":0,"workload":0,"process":0,"window":0,"frame":10,"sample":0,"queue":94588098144992,"submission":4,"fence":612427976671789,"query":0,"event":317,"category":12,"severity":0,"result":0,"value0":0,"value1":0}
{"kind":"trace","run":0,"workload":0,"process":0,"window":94588090313680,"frame":10,"sample":0,"queue":94588098144992,"submission":4,"fence":612427976671789,"query":0,"event":317,"category":11,"severity":0,"result":0,"value0":694171043324873,"value1":694171043336485}
{"kind":"trace","run":0,"workload":0,"process":0,"window":94588090313680,"frame":10,"sample":0,"queue":94588098144992,"submission":5,"fence":612427976671789,"query":0,"event":324,"category":11,"severity":0,"result":0,"value0":128,"value1":128}
{"kind":"trace","run":0,"workload":0,"process":0,"window":94588090313680,"frame":10,"sample":0,"queue":94588098144992,"submission":4,"fence":612427976671789,"query":0,"event":314,"category":6,"severity":0,"result":0,"value0":1000,"value1":1001}
{"kind":"trace","run":0,"workload":0,"process":0,"window":94588090313680,"frame":10,"sample":0,"queue":94588098144992,"submission":4,"fence":612427976671789,"query":0,"event":314,"category":11,"severity":0,"result":0,"value0":694171043353868,"value1":694171049052954}
{"kind":"trace","run":0,"workload":0,"process":0,"window":94588090313680,"frame":10,"sample":0,"queue":94588098144992,"submission":4,"fence":612427976671789,"query":0,"event":315,"category":6,"severity":0,"result":0,"value0":640000,"value1":4294967296640}
{"kind":"trace","run":0,"workload":0,"process":0,"window":94588090313680,"frame":10,"sample":0,"queue":94588098144992,"submission":4,"fence":612427976671789,"query":0,"event":317,"category":6,"severity":0,"result":0,"value0":1,"value1":1000}
{"kind":"trace","run":0,"workload":0,"process":0,"window":94588090313680,"frame":10,"sample":0,"queue":94588098144992,"submission":4,"fence":612427976671789,"query":0,"event":317,"category":11,"severity":0,"result":0,"value0":694171049087939,"value1":694171057068337}
{"kind":"trace","run":0,"workload":0,"process":0,"window":0,"frame":10,"sample":0,"queue":94588098144992,"submission":4,"fence":612427976671789,"query":0,"event":317,"category":12,"severity":0,"result":0,"value0":0,"value1":0}
{"kind":"trace","run":0,"workload":0,"process":0,"window":94588090313680,"frame":10,"sample":0,"queue":94588098144992,"submission":4,"fence":612427976671789,"query":0,"event":317,"category":11,"severity":0,"result":0,"value0":694171057154680,"value1":694171057205736}
{"kind":"trace","run":0,"workload":0,"process":0,"window":0,"frame":10,"sample":0,"queue":94588098144992,"submission":4,"fence":612427976671789,"query":0,"event":316,"category":12,"severity":0,"result":0,"value0":0,"value1":0}
{"kind":"trace","run":0,"workload":0,"process":0,"window":0,"frame":10,"sample":0,"queue":94588098144992,"submission":4,"fence":612427976671789,"query":0,"event":316,"category":12,"severity":0,"result":0,"value0":0,"value1":0}
{"kind":"trace","run":0,"workload":0,"process":0,"window":0,"frame":10,"sample":0,"queue":94588098144992,"submission":4,"fence":612427976671789,"query":0,"event":316,"category":12,"severity":0,"result":0,"value0":0,"value1":0}
{"kind":"trace","run":0,"workload":0,"process":0,"window":0,"frame":10,"sample":0,"queue":94588098144992,"submission":4,"fence":612427976671789,"query":0,"event":321,"category":12,"severity":0,"result":0,"value0":0,"value1":0}
{"kind":"trace","run":0,"workload":0,"process":0,"window":94588090313680,"frame":10,"sample":0,"queue":94588098144992,"submission":5,"fence":612427976671789,"query":0,"event":321,"category":11,"severity":0,"result":0,"value0":694171057208551,"value1":694171057408148}
{"kind":"trace","run":0,"workload":0,"process":0,"window":0,"frame":10,"sample":0,"queue":94588098144992,"submission":5,"fence":612427976671789,"query":0,"event":322,"category":12,"severity":0,"result":0,"value0":0,"value1":0}
{"kind":"trace","run":0,"workload":0,"process":0,"window":0,"frame":10,"sample":0,"queue":94588098144992,"submission":5,"fence":612427976671789,"query":0,"event":123,"category":12,"severity":0,"result":0,"value0":0,"value1":0}
{"kind":"trace","run":0,"workload":0,"process":0,"window":94588090313680,"frame":10,"sample":0,"queue":94588098144992,"submission":5,"fence":612427976671789,"query":0,"event":123,"category":11,"severity":0,"result":0,"value0":694171057440539,"value1":694171057551818}
{"kind":"trace","run":0,"workload":0,"process":0,"window":94588090313680,"frame":10,"sample":0,"queue":94588098144992,"submission":5,"fence":612427976671789,"query":0,"event":301,"category":11,"severity":0,"result":0,"value0":1,"value1":0}
{"kind":"trace","run":0,"workload":0,"process":0,"window":0,"frame":0,"sample":0,"queue":94588098144992,"submission":0,"fence":0,"query":0,"event":322,"category":12,"severity":0,"result":0,"value0":0,"value1":0}
{"kind":"trace","run":0,"workload":0,"process":0,"window":0,"frame":0,"sample":0,"queue":94588098144992,"submission":0,"fence":0,"query":0,"event":322,"category":12,"severity":0,"result":0,"value0":0,"value1":0}
{"kind":"trace","run":0,"workload":0,"process":0,"window":0,"frame":0,"sample":0,"queue":94588098144992,"submission":0,"fence":0,"query":0,"event":322,"category":12,"severity":0,"result":0,"value0":0,"value1":0}
{"kind":"trace","run":0,"workload":0,"process":0,"window":0,"frame":0,"sample":0,"queue":94588098144992,"submission":0,"fence":0,"query":0,"event":322,"category":12,"severity":0,"result":0,"value0":0,"value1":0}
{"kind":"trace","run":0,"workload":0,"process":0,"window":0,"frame":0,"sample":0,"queue":94588098144992,"submission":0,"fence":0,"query":0,"event":322,"category":12,"severity":0,"result":0,"value0":0,"value1":0}
{"kind":"trace","run":0,"workload":0,"process":0,"window":0,"frame":0,"sample":0,"queue":94588098144992,"submission":0,"fence":0,"query":0,"event":322,"category":12,"severity":0,"result":0,"value0":0,"value1":0}
{"kind":"trace","run":0,"workload":0,"process":0,"window":94588090313680,"frame":0,"sample":1,"queue":94588098144992,"submission":0,"fence":0,"query":0,"event":310,"category":11,"severity":0,"result":1,"value0":261,"value1":0}
{"kind":"trace","run":0,"workload":0,"process":0,"window":94588090313680,"frame":0,"sample":2,"queue":94588098144992,"submission":0,"fence":0,"query":0,"event":311,"category":11,"severity":0,"result":2,"value0":1523,"value1":0}
{"kind":"trace","run":0,"workload":0,"process":0,"window":94588090313680,"frame":0,"sample":4,"queue":94588098144992,"submission":0,"fence":0,"query":0,"event":311,"category":11,"severity":0,"result":4,"value0":400,"value1":0}
{"kind":"trace","run":0,"workload":0,"process":0,"window":94588090313680,"frame":0,"sample":9,"queue":94588098144992,"submission":0,"fence":0,"query":0,"event":311,"category":11,"severity":0,"result":9,"value0":511,"value1":0}
{"kind":"trace","run":0,"workload":0,"process":0,"window":94588090313680,"frame":0,"sample":11,"queue":94588098144992,"submission":0,"fence":0,"query":0,"event":311,"category":11,"severity":0,"result":11,"value0":131,"value1":0}
{"kind":"trace","run":0,"workload":0,"process":0,"window":94588090313680,"frame":11,"sample":0,"queue":94588098144992,"submission":0,"fence":0,"query":0,"event":300,"category":11,"severity":0,"result":0,"value0":1000,"value1":640}
{"kind":"trace","run":0,"workload":0,"process":0,"window":0,"frame":11,"sample":0,"queue":94588098144992,"submission":0,"fence":0,"query":0,"event":322,"category":12,"severity":0,"result":0,"value0":0,"value1":0}
{"kind":"trace","run":0,"workload":0,"process":0,"window":94588090313680,"frame":9,"sample":0,"queue":94588098144992,"submission":5,"fence":610228953416235,"query":0,"event":316,"category":11,"severity":0,"result":0,"value0":96,"value1":96}
{"kind":"trace","run":0,"workload":0,"process":0,"window":94588090313680,"frame":9,"sample":0,"queue":94588098144992,"submission":5,"fence":610228953416235,"query":32,"event":318,"category":11,"severity":0,"result":0,"value0":9216,"value1":9216}
{"kind":"trace","run":0,"workload":0,"process":0,"window":0,"frame":11,"sample":0,"queue":94588098144992,"submission":5,"fence":610228953416235,"query":0,"event":324,"category":12,"severity":0,"result":0,"value0":0,"value1":0}
{"kind":"trace","run":0,"workload":0,"process":0,"window":0,"frame":11,"sample":0,"queue":94588098144992,"submission":0,"fence":0,"query":0,"event":122,"category":12,"severity":0,"result":0,"value0":0,"value1":0}
{"kind":"trace","run":0,"workload":0,"process":0,"window":0,"frame":11,"sample":0,"queue":94588098144992,"submission":5,"fence":610228953416235,"query":0,"event":317,"category":12,"severity":0,"result":0,"value0":0,"value1":0}
{"kind":"trace","run":0,"workload":0,"process":0,"window":94588090313680,"frame":11,"sample":0,"queue":94588098144992,"submission":5,"fence":610228953416235,"query":0,"event":317,"category":11,"severity":0,"result":0,"value0":694171058758433,"value1":694171058765777}
{"kind":"trace","run":0,"workload":0,"process":0,"window":94588090313680,"frame":11,"sample":0,"queue":94588098144992,"submission":6,"fence":610228953416235,"query":0,"event":324,"category":11,"severity":0,"result":0,"value0":0,"value1":128}
{"kind":"trace","run":0,"workload":0,"process":0,"window":94588090313680,"frame":11,"sample":0,"queue":94588098144992,"submission":5,"fence":610228953416235,"query":0,"event":314,"category":6,"severity":0,"result":0,"value0":1000,"value1":1001}
{"kind":"trace","run":0,"workload":0,"process":0,"window":94588090313680,"frame":11,"sample":0,"queue":94588098144992,"submission":5,"fence":610228953416235,"query":0,"event":314,"category":11,"severity":0,"result":0,"value0":694171058777820,"value1":694171060955997}
{"kind":"trace","run":0,"workload":0,"process":0,"window":94588090313680,"frame":11,"sample":0,"queue":94588098144992,"submission":5,"fence":610228953416235,"query":0,"event":315,"category":6,"severity":0,"result":0,"value0":640000,"value1":4294967296640}
{"kind":"trace","run":0,"workload":0,"process":0,"window":94588090313680,"frame":11,"sample":0,"queue":94588098144992,"submission":5,"fence":610228953416235,"query":0,"event":317,"category":6,"severity":0,"result":0,"value0":1,"value1":1000}
{"kind":"trace","run":0,"workload":0,"process":0,"window":94588090313680,"frame":11,"sample":0,"queue":94588098144992,"submission":5,"fence":610228953416235,"query":0,"event":317,"category":11,"severity":0,"result":0,"value0":694171060987496,"value1":694171062117557}
{"kind":"trace","run":0,"workload":0,"process":0,"window":0,"frame":11,"sample":0,"queue":94588098144992,"submission":5,"fence":610228953416235,"query":0,"event":317,"category":12,"severity":0,"result":0,"value0":0,"value1":0}
{"kind":"trace","run":0,"workload":0,"process":0,"window":94588090313680,"frame":11,"sample":0,"queue":94588098144992,"submission":5,"fence":610228953416235,"query":0,"event":317,"category":11,"severity":0,"result":0,"value0":694171062173212,"value1":694171062192338}
{"kind":"trace","run":0,"workload":0,"process":0,"window":0,"frame":11,"sample":0,"queue":94588098144992,"submission":5,"fence":610228953416235,"query":0,"event":316,"category":12,"severity":0,"result":0,"value0":0,"value1":0}
{"kind":"trace","run":0,"workload":0,"process":0,"window":0,"frame":11,"sample":0,"queue":94588098144992,"submission":5,"fence":610228953416235,"query":0,"event":316,"category":12,"severity":0,"result":0,"value0":0,"value1":0}
{"kind":"trace","run":0,"workload":0,"process":0,"window":0,"frame":11,"sample":0,"queue":94588098144992,"submission":5,"fence":610228953416235,"query":0,"event":316,"category":12,"severity":0,"result":0,"value0":0,"value1":0}
{"kind":"trace","run":0,"workload":0,"process":0,"window":0,"frame":11,"sample":0,"queue":94588098144992,"submission":5,"fence":610228953416235,"query":0,"event":321,"category":12,"severity":0,"result":0,"value0":0,"value1":0}
{"kind":"trace","run":0,"workload":0,"process":0,"window":94588090313680,"frame":11,"sample":0,"queue":94588098144992,"submission":6,"fence":610228953416235,"query":0,"event":321,"category":11,"severity":0,"result":0,"value0":694171062193661,"value1":694171062348924}
{"kind":"trace","run":0,"workload":0,"process":0,"window":0,"frame":11,"sample":0,"queue":94588098144992,"submission":6,"fence":610228953416235,"query":0,"event":322,"category":12,"severity":0,"result":0,"value0":0,"value1":0}
{"kind":"trace","run":0,"workload":0,"process":0,"window":0,"frame":11,"sample":0,"queue":94588098144992,"submission":6,"fence":610228953416235,"query":0,"event":123,"category":12,"severity":0,"result":0,"value0":0,"value1":0}
{"kind":"trace","run":0,"workload":0,"process":0,"window":94588090313680,"frame":11,"sample":0,"queue":94588098144992,"submission":6,"fence":610228953416235,"query":0,"event":123,"category":11,"severity":0,"result":0,"value0":694171062379511,"value1":694171062485190}
{"kind":"trace","run":0,"workload":0,"process":0,"window":94588090313680,"frame":11,"sample":0,"queue":94588098144992,"submission":6,"fence":610228953416235,"query":0,"event":301,"category":11,"severity":0,"result":0,"value0":1,"value1":0}
{"kind":"trace","run":0,"workload":0,"process":0,"window":94588090313680,"frame":0,"sample":1,"queue":94588098144992,"submission":0,"fence":0,"query":0,"event":310,"category":11,"severity":0,"result":1,"value0":241,"value1":0}
{"kind":"trace","run":0,"workload":0,"process":0,"window":94588090313680,"frame":0,"sample":2,"queue":94588098144992,"submission":0,"fence":0,"query":0,"event":311,"category":11,"severity":0,"result":2,"value0":1102,"value1":0}
{"kind":"trace","run":0,"workload":0,"process":0,"window":94588090313680,"frame":0,"sample":4,"queue":94588098144992,"submission":0,"fence":0,"query":0,"event":311,"category":11,"severity":0,"result":4,"value0":251,"value1":0}
{"kind":"trace","run":0,"workload":0,"process":0,"window":94588090313680,"frame":0,"sample":9,"queue":94588098144992,"submission":0,"fence":0,"query":0,"event":311,"category":11,"severity":0,"result":9,"value0":491,"value1":0}
{"kind":"trace","run":0,"workload":0,"process":0,"window":94588090313680,"frame":0,"sample":11,"queue":94588098144992,"submission":0,"fence":0,"query":0,"event":311,"category":11,"severity":0,"result":11,"value0":240,"value1":0}
{"kind":"trace","run":0,"workload":0,"process":0,"window":94588090313680,"frame":12,"sample":0,"queue":94588098144992,"submission":0,"fence":0,"query":0,"event":300,"category":11,"severity":0,"result":0,"value0":1000,"value1":640}
{"kind":"trace","run":0,"workload":0,"process":0,"window":0,"frame":12,"sample":0,"queue":94588098144992,"submission":0,"fence":0,"query":0,"event":322,"category":12,"severity":0,"result":0,"value0":0,"value1":0}
{"kind":"trace","run":0,"workload":0,"process":0,"window":94588090313680,"frame":10,"sample":0,"queue":94588098144992,"submission":5,"fence":612427976671789,"query":128,"event":316,"category":11,"severity":0,"result":0,"value0":64,"value1":64}
{"kind":"trace","run":0,"workload":0,"process":0,"window":94588090313680,"frame":10,"sample":0,"queue":94588098144992,"submission":5,"fence":612427976671789,"query":160,"event":318,"category":11,"severity":0,"result":0,"value0":10240,"value1":10240}
{"kind":"trace","run":0,"workload":0,"process":0,"window":0,"frame":12,"sample":0,"queue":94588098144992,"submission":5,"fence":612427976671789,"query":0,"event":324,"category":12,"severity":0,"result":0,"value0":0,"value1":0}
{"kind":"trace","run":0,"workload":0,"process":0,"window":0,"frame":12,"sample":0,"queue":94588098144992,"submission":0,"fence":0,"query":0,"event":122,"category":12,"severity":0,"result":0,"value0":0,"value1":0}
{"kind":"trace","run":0,"workload":0,"process":0,"window":0,"frame":12,"sample":0,"queue":94588098144992,"submission":5,"fence":612427976671789,"query":0,"event":317,"category":12,"severity":0,"result":0,"value0":0,"value1":0}
{"kind":"trace","run":0,"workload":0,"process":0,"window":94588090313680,"frame":12,"sample":0,"queue":94588098144992,"submission":5,"fence":612427976671789,"query":0,"event":317,"category":11,"severity":0,"result":0,"value0":694171062750611,"value1":694171062759808}
{"kind":"trace","run":0,"workload":0,"process":0,"window":94588090313680,"frame":12,"sample":0,"queue":94588098144992,"submission":6,"fence":612427976671789,"query":0,"event":324,"category":11,"severity":0,"result":0,"value0":128,"value1":128}
{"kind":"trace","run":0,"workload":0,"process":0,"window":94588090313680,"frame":12,"sample":0,"queue":94588098144992,"submission":5,"fence":612427976671789,"query":0,"event":314,"category":6,"severity":0,"result":0,"value0":1000,"value1":1001}
{"kind":"trace","run":0,"workload":0,"process":0,"window":94588090313680,"frame":12,"sample":0,"queue":94588098144992,"submission":5,"fence":612427976671789,"query":0,"event":314,"category":11,"severity":0,"result":0,"value0":694171062770899,"value1":694171064255689}
{"kind":"trace","run":0,"workload":0,"process":0,"window":94588090313680,"frame":12,"sample":0,"queue":94588098144992,"submission":5,"fence":612427976671789,"query":0,"event":315,"category":6,"severity":0,"result":0,"value0":640000,"value1":4294967296640}
{"kind":"trace","run":0,"workload":0,"process":0,"window":94588090313680,"frame":12,"sample":0,"queue":94588098144992,"submission":5,"fence":612427976671789,"query":0,"event":317,"category":6,"severity":0,"result":0,"value0":1,"value1":1000}
{"kind":"trace","run":0,"workload":0,"process":0,"window":94588090313680,"frame":12,"sample":0,"queue":94588098144992,"submission":5,"fence":612427976671789,"query":0,"event":317,"category":11,"severity":0,"result":0,"value0":694171064275386,"value1":694171065387733}
{"kind":"trace","run":0,"workload":0,"process":0,"window":0,"frame":12,"sample":0,"queue":94588098144992,"submission":5,"fence":612427976671789,"query":0,"event":317,"category":12,"severity":0,"result":0,"value0":0,"value1":0}
{"kind":"trace","run":0,"workload":0,"process":0,"window":94588090313680,"frame":12,"sample":0,"queue":94588098144992,"submission":5,"fence":612427976671789,"query":0,"event":317,"category":11,"severity":0,"result":0,"value0":694171065446554,"value1":694171065463466}
{"kind":"trace","run":0,"workload":0,"process":0,"window":0,"frame":12,"sample":0,"queue":94588098144992,"submission":5,"fence":612427976671789,"query":0,"event":316,"category":12,"severity":0,"result":0,"value0":0,"value1":0}
{"kind":"trace","run":0,"workload":0,"process":0,"window":0,"frame":12,"sample":0,"queue":94588098144992,"submission":5,"fence":612427976671789,"query":0,"event":316,"category":12,"severity":0,"result":0,"value0":0,"value1":0}
{"kind":"trace","run":0,"workload":0,"process":0,"window":0,"frame":12,"sample":0,"queue":94588098144992,"submission":5,"fence":612427976671789,"query":0,"event":316,"category":12,"severity":0,"result":0,"value0":0,"value1":0}
{"kind":"trace","run":0,"workload":0,"process":0,"window":0,"frame":12,"sample":0,"queue":94588098144992,"submission":5,"fence":612427976671789,"query":0,"event":321,"category":12,"severity":0,"result":0,"value0":0,"value1":0}
{"kind":"trace","run":0,"workload":0,"process":0,"window":94588090313680,"frame":12,"sample":0,"queue":94588098144992,"submission":6,"fence":612427976671789,"query":0,"event":321,"category":11,"severity":0,"result":0,"value0":694171065465009,"value1":694171065601506}
{"kind":"trace","run":0,"workload":0,"process":0,"window":0,"frame":12,"sample":0,"queue":94588098144992,"submission":6,"fence":612427976671789,"query":0,"event":322,"category":12,"severity":0,"result":0,"value0":0,"value1":0}
{"kind":"trace","run":0,"workload":0,"process":0,"window":0,"frame":12,"sample":0,"queue":94588098144992,"submission":6,"fence":612427976671789,"query":0,"event":123,"category":12,"severity":0,"result":0,"value0":0,"value1":0}
{"kind":"trace","run":0,"workload":0,"process":0,"window":94588090313680,"frame":12,"sample":0,"queue":94588098144992,"submission":6,"fence":612427976671789,"query":0,"event":123,"category":11,"severity":0,"result":0,"value0":694171065635500,"value1":694171065738124}
{"kind":"trace","run":0,"workload":0,"process":0,"window":94588090313680,"frame":12,"sample":0,"queue":94588098144992,"submission":6,"fence":612427976671789,"query":0,"event":301,"category":11,"severity":0,"result":0,"value0":1,"value1":0}
{"kind":"trace","run":0,"workload":0,"process":0,"window":94588090313680,"frame":0,"sample":1,"queue":94588098144992,"submission":0,"fence":0,"query":0,"event":310,"category":11,"severity":0,"result":1,"value0":231,"value1":0}
{"kind":"trace","run":0,"workload":0,"process":0,"window":94588090313680,"frame":0,"sample":2,"queue":94588098144992,"submission":0,"fence":0,"query":0,"event":311,"category":11,"severity":0,"result":2,"value0":1142,"value1":0}
{"kind":"trace","run":0,"workload":0,"process":0,"window":94588090313680,"frame":0,"sample":4,"queue":94588098144992,"submission":0,"fence":0,"query":0,"event":311,"category":11,"severity":0,"result":4,"value0":260,"value1":0}
{"kind":"trace","run":0,"workload":0,"process":0,"window":94588090313680,"frame":0,"sample":9,"queue":94588098144992,"submission":0,"fence":0,"query":0,"event":311,"category":11,"severity":0,"result":9,"value0":481,"value1":0}
{"kind":"trace","run":0,"workload":0,"process":0,"window":94588090313680,"frame":0,"sample":11,"queue":94588098144992,"submission":0,"fence":0,"query":0,"event":311,"category":11,"severity":0,"result":11,"value0":300,"value1":0}
{"kind":"trace","run":0,"workload":0,"process":0,"window":94588090313680,"frame":13,"sample":0,"queue":94588098144992,"submission":0,"fence":0,"query":0,"event":300,"category":11,"severity":0,"result":0,"value0":1000,"value1":640}
{"kind":"trace","run":0,"workload":0,"process":0,"window":0,"frame":13,"sample":0,"queue":94588098144992,"submission":0,"fence":0,"query":0,"event":322,"category":12,"severity":0,"result":0,"value0":0,"value1":0}
{"kind":"trace","run":0,"workload":0,"process":0,"window":94588090313680,"frame":11,"sample":0,"queue":94588098144992,"submission":6,"fence":610228953416235,"query":0,"event":316,"category":11,"severity":0,"result":0,"value0":64,"value1":64}
{"kind":"trace","run":0,"workload":0,"process":0,"window":94588090313680,"frame":11,"sample":0,"queue":94588098144992,"submission":6,"fence":610228953416235,"query":32,"event":318,"category":11,"severity":0,"result":0,"value0":10240,"value1":10240}
{"kind":"trace","run":0,"workload":0,"process":0,"window":0,"frame":13,"sample":0,"queue":94588098144992,"submission":6,"fence":610228953416235,"query":0,"event":324,"category":12,"severity":0,"result":0,"value0":0,"value1":0}
{"kind":"trace","run":0,"workload":0,"process":0,"window":0,"frame":13,"sample":0,"queue":94588098144992,"submission":0,"fence":0,"query":0,"event":122,"category":12,"severity":0,"result":0,"value0":0,"value1":0}
{"kind":"trace","run":0,"workload":0,"process":0,"window":0,"frame":13,"sample":0,"queue":94588098144992,"submission":6,"fence":610228953416235,"query":0,"event":317,"category":12,"severity":0,"result":0,"value0":0,"value1":0}
{"kind":"trace","run":0,"workload":0,"process":0,"window":94588090313680,"frame":13,"sample":0,"queue":94588098144992,"submission":6,"fence":610228953416235,"query":0,"event":317,"category":11,"severity":0,"result":0,"value0":694171066022751,"value1":694171066030485}
{"kind":"trace","run":0,"workload":0,"process":0,"window":94588090313680,"frame":13,"sample":0,"queue":94588098144992,"submission":7,"fence":610228953416235,"query":0,"event":324,"category":11,"severity":0,"result":0,"value0":0,"value1":128}
{"kind":"trace","run":0,"workload":0,"process":0,"window":94588090313680,"frame":13,"sample":0,"queue":94588098144992,"submission":6,"fence":610228953416235,"query":0,"event":314,"category":6,"severity":0,"result":0,"value0":1000,"value1":1001}
{"kind":"trace","run":0,"workload":0,"process":0,"window":94588090313680,"frame":13,"sample":0,"queue":94588098144992,"submission":6,"fence":610228953416235,"query":0,"event":314,"category":11,"severity":0,"result":0,"value0":694171066041847,"value1":694171067520444}
{"kind":"trace","run":0,"workload":0,"process":0,"window":94588090313680,"frame":13,"sample":0,"queue":94588098144992,"submission":6,"fence":610228953416235,"query":0,"event":315,"category":6,"severity":0,"result":0,"value0":640000,"value1":4294967296640}
{"kind":"trace","run":0,"workload":0,"process":0,"window":94588090313680,"frame":13,"sample":0,"queue":94588098144992,"submission":6,"fence":610228953416235,"query":0,"event":317,"category":6,"severity":0,"result":0,"value0":1,"value1":1000}
{"kind":"trace","run":0,"workload":0,"process":0,"window":94588090313680,"frame":13,"sample":0,"queue":94588098144992,"submission":6,"fence":610228953416235,"query":0,"event":317,"category":11,"severity":0,"result":0,"value0":694171067537066,"value1":694171068655535}
{"kind":"trace","run":0,"workload":0,"process":0,"window":0,"frame":13,"sample":0,"queue":94588098144992,"submission":6,"fence":610228953416235,"query":0,"event":317,"category":12,"severity":0,"result":0,"value0":0,"value1":0}
{"kind":"trace","run":0,"workload":0,"process":0,"window":94588090313680,"frame":13,"sample":0,"queue":94588098144992,"submission":6,"fence":610228953416235,"query":0,"event":317,"category":11,"severity":0,"result":0,"value0":694171068703465,"value1":694171068719235}
{"kind":"trace","run":0,"workload":0,"process":0,"window":0,"frame":13,"sample":0,"queue":94588098144992,"submission":6,"fence":610228953416235,"query":0,"event":316,"category":12,"severity":0,"result":0,"value0":0,"value1":0}
{"kind":"trace","run":0,"workload":0,"process":0,"window":0,"frame":13,"sample":0,"queue":94588098144992,"submission":6,"fence":610228953416235,"query":0,"event":316,"category":12,"severity":0,"result":0,"value0":0,"value1":0}
{"kind":"trace","run":0,"workload":0,"process":0,"window":0,"frame":13,"sample":0,"queue":94588098144992,"submission":6,"fence":610228953416235,"query":0,"event":316,"category":12,"severity":0,"result":0,"value0":0,"value1":0}
{"kind":"trace","run":0,"workload":0,"process":0,"window":0,"frame":13,"sample":0,"queue":94588098144992,"submission":6,"fence":610228953416235,"query":0,"event":321,"category":12,"severity":0,"result":0,"value0":0,"value1":0}
{"kind":"trace","run":0,"workload":0,"process":0,"window":94588090313680,"frame":13,"sample":0,"queue":94588098144992,"submission":7,"fence":610228953416235,"query":0,"event":321,"category":11,"severity":0,"result":0,"value0":694171068720347,"value1":694171068866723}
{"kind":"trace","run":0,"workload":0,"process":0,"window":0,"frame":13,"sample":0,"queue":94588098144992,"submission":7,"fence":610228953416235,"query":0,"event":322,"category":12,"severity":0,"result":0,"value0":0,"value1":0}
{"kind":"trace","run":0,"workload":0,"process":0,"window":0,"frame":13,"sample":0,"queue":94588098144992,"submission":7,"fence":610228953416235,"query":0,"event":123,"category":12,"severity":0,"result":0,"value0":0,"value1":0}
{"kind":"trace","run":0,"workload":0,"process":0,"window":94588090313680,"frame":13,"sample":0,"queue":94588098144992,"submission":7,"fence":610228953416235,"query":0,"event":123,"category":11,"severity":0,"result":0,"value0":694171068901759,"value1":694171069013780}
{"kind":"trace","run":0,"workload":0,"process":0,"window":94588090313680,"frame":13,"sample":0,"queue":94588098144992,"submission":7,"fence":610228953416235,"query":0,"event":301,"category":11,"severity":0,"result":0,"value0":1,"value1":0}
{"kind":"trace","run":0,"workload":0,"process":0,"window":0,"frame":0,"sample":0,"queue":94588098144992,"submission":0,"fence":0,"query":0,"event":322,"category":12,"severity":0,"result":0,"value0":0,"value1":0}
{"kind":"trace","run":0,"workload":0,"process":0,"window":0,"frame":0,"sample":0,"queue":94588098144992,"submission":0,"fence":0,"query":0,"event":322,"category":12,"severity":0,"result":0,"value0":0,"value1":0}
{"kind":"trace","run":0,"workload":0,"process":0,"window":0,"frame":0,"sample":0,"queue":94588098144992,"submission":0,"fence":0,"query":0,"event":322,"category":12,"severity":0,"result":0,"value0":0,"value1":0}
{"kind":"trace","run":0,"workload":0,"process":0,"window":0,"frame":0,"sample":0,"queue":94588098144992,"submission":0,"fence":0,"query":0,"event":322,"category":12,"severity":0,"result":0,"value0":0,"value1":0}
{"kind":"trace","run":0,"workload":0,"process":0,"window":0,"frame":0,"sample":0,"queue":94588098144992,"submission":0,"fence":0,"query":0,"event":322,"category":12,"severity":0,"result":0,"value0":0,"value1":0}
{"kind":"trace","run":0,"workload":0,"process":0,"window":0,"frame":0,"sample":0,"queue":94588098144992,"submission":0,"fence":0,"query":0,"event":322,"category":12,"severity":0,"result":0,"value0":0,"value1":0}
{"kind":"trace","run":0,"workload":0,"process":0,"window":0,"frame":0,"sample":0,"queue":94588098144992,"submission":0,"fence":0,"query":0,"event":322,"category":12,"severity":0,"result":0,"value0":0,"value1":0}
{"kind":"trace","run":0,"workload":0,"process":0,"window":0,"frame":0,"sample":0,"queue":94588098144992,"submission":0,"fence":0,"query":0,"event":322,"category":12,"severity":0,"result":0,"value0":0,"value1":0}
{"kind":"trace","run":0,"workload":0,"process":0,"window":94588090313680,"frame":0,"sample":0,"queue":94588098144992,"submission":0,"fence":0,"query":0,"event":101,"category":2,"severity":0,"result":0,"value0":0,"value1":0}
{"kind":"result","ordinal":37,"event":316,"classification":0,"frame":3,"queue":94588098144992,"submission":1,"fence":610228953416235,"result":0}
{"kind":"result","ordinal":38,"event":321,"classification":0,"frame":3,"queue":94588098144992,"submission":1,"fence":610228953416235,"result":0}
{"kind":"result","ordinal":39,"event":322,"classification":0,"frame":3,"queue":94588098144992,"submission":2,"fence":610228953416235,"result":0}
{"kind":"result","ordinal":40,"event":123,"classification":0,"frame":3,"queue":94588098144992,"submission":2,"fence":610228953416235,"result":0}
{"kind":"result","ordinal":41,"event":322,"classification":0,"frame":4,"queue":94588098144992,"submission":0,"fence":0,"result":0}
{"kind":"result","ordinal":42,"event":324,"classification":0,"frame":4,"queue":94588098144992,"submission":1,"fence":612427976671789,"result":0}
{"kind":"result","ordinal":43,"event":122,"classification":0,"frame":4,"queue":94588098144992,"submission":0,"fence":0,"result":0}
{"kind":"result","ordinal":44,"event":317,"classification":0,"frame":4,"queue":94588098144992,"submission":1,"fence":612427976671789,"result":0}
{"kind":"result","ordinal":45,"event":317,"classification":0,"frame":4,"queue":94588098144992,"submission":1,"fence":612427976671789,"result":0}
{"kind":"result","ordinal":46,"event":316,"classification":0,"frame":4,"queue":94588098144992,"submission":1,"fence":612427976671789,"result":0}
{"kind":"result","ordinal":47,"event":316,"classification":0,"frame":4,"queue":94588098144992,"submission":1,"fence":612427976671789,"result":0}
{"kind":"result","ordinal":48,"event":316,"classification":0,"frame":4,"queue":94588098144992,"submission":1,"fence":612427976671789,"result":0}
{"kind":"result","ordinal":49,"event":321,"classification":0,"frame":4,"queue":94588098144992,"submission":1,"fence":612427976671789,"result":0}
{"kind":"result","ordinal":50,"event":322,"classification":0,"frame":4,"queue":94588098144992,"submission":2,"fence":612427976671789,"result":0}
{"kind":"result","ordinal":51,"event":123,"classification":0,"frame":4,"queue":94588098144992,"submission":2,"fence":612427976671789,"result":0}
{"kind":"result","ordinal":52,"event":322,"classification":0,"frame":5,"queue":94588098144992,"submission":0,"fence":0,"result":0}
{"kind":"result","ordinal":53,"event":324,"classification":0,"frame":5,"queue":94588098144992,"submission":2,"fence":610228953416235,"result":0}
{"kind":"result","ordinal":54,"event":122,"classification":0,"frame":5,"queue":94588098144992,"submission":0,"fence":0,"result":0}
{"kind":"result","ordinal":55,"event":317,"classification":0,"frame":5,"queue":94588098144992,"submission":2,"fence":610228953416235,"result":0}
{"kind":"result","ordinal":56,"event":317,"classification":0,"frame":5,"queue":94588098144992,"submission":2,"fence":610228953416235,"result":0}
{"kind":"result","ordinal":57,"event":316,"classification":0,"frame":5,"queue":94588098144992,"submission":2,"fence":610228953416235,"result":0}
{"kind":"result","ordinal":58,"event":316,"classification":0,"frame":5,"queue":94588098144992,"submission":2,"fence":610228953416235,"result":0}
{"kind":"result","ordinal":59,"event":316,"classification":0,"frame":5,"queue":94588098144992,"submission":2,"fence":610228953416235,"result":0}
{"kind":"result","ordinal":60,"event":321,"classification":0,"frame":5,"queue":94588098144992,"submission":2,"fence":610228953416235,"result":0}
{"kind":"result","ordinal":61,"event":322,"classification":0,"frame":5,"queue":94588098144992,"submission":3,"fence":610228953416235,"result":0}
{"kind":"result","ordinal":62,"event":123,"classification":0,"frame":5,"queue":94588098144992,"submission":3,"fence":610228953416235,"result":0}
{"kind":"result","ordinal":63,"event":322,"classification":0,"frame":6,"queue":94588098144992,"submission":0,"fence":0,"result":0}
{"kind":"result","ordinal":64,"event":324,"classification":0,"frame":6,"queue":94588098144992,"submission":2,"fence":612427976671789,"result":0}
{"kind":"result","ordinal":65,"event":122,"classification":0,"frame":6,"queue":94588098144992,"submission":0,"fence":0,"result":0}
{"kind":"result","ordinal":66,"event":317,"classification":0,"frame":6,"queue":94588098144992,"submission":2,"fence":612427976671789,"result":0}
{"kind":"result","ordinal":67,"event":317,"classification":0,"frame":6,"queue":94588098144992,"submission":2,"fence":612427976671789,"result":0}
{"kind":"result","ordinal":68,"event":316,"classification":0,"frame":6,"queue":94588098144992,"submission":2,"fence":612427976671789,"result":0}
{"kind":"result","ordinal":69,"event":316,"classification":0,"frame":6,"queue":94588098144992,"submission":2,"fence":612427976671789,"result":0}
{"kind":"result","ordinal":70,"event":316,"classification":0,"frame":6,"queue":94588098144992,"submission":2,"fence":612427976671789,"result":0}
{"kind":"result","ordinal":71,"event":321,"classification":0,"frame":6,"queue":94588098144992,"submission":2,"fence":612427976671789,"result":0}
{"kind":"result","ordinal":72,"event":322,"classification":0,"frame":6,"queue":94588098144992,"submission":3,"fence":612427976671789,"result":0}
{"kind":"result","ordinal":73,"event":123,"classification":0,"frame":6,"queue":94588098144992,"submission":3,"fence":612427976671789,"result":0}
{"kind":"result","ordinal":74,"event":322,"classification":0,"frame":7,"queue":94588098144992,"submission":0,"fence":0,"result":0}
{"kind":"result","ordinal":75,"event":324,"classification":0,"frame":7,"queue":94588098144992,"submission":3,"fence":610228953416235,"result":0}
{"kind":"result","ordinal":76,"event":122,"classification":0,"frame":7,"queue":94588098144992,"submission":0,"fence":0,"result":0}
{"kind":"result","ordinal":77,"event":317,"classification":0,"frame":7,"queue":94588098144992,"submission":3,"fence":610228953416235,"result":0}
{"kind":"result","ordinal":78,"event":317,"classification":0,"frame":7,"queue":94588098144992,"submission":3,"fence":610228953416235,"result":0}
{"kind":"result","ordinal":79,"event":316,"classification":0,"frame":7,"queue":94588098144992,"submission":3,"fence":610228953416235,"result":0}
{"kind":"result","ordinal":80,"event":316,"classification":0,"frame":7,"queue":94588098144992,"submission":3,"fence":610228953416235,"result":0}
{"kind":"result","ordinal":81,"event":316,"classification":0,"frame":7,"queue":94588098144992,"submission":3,"fence":610228953416235,"result":0}
{"kind":"result","ordinal":82,"event":321,"classification":0,"frame":7,"queue":94588098144992,"submission":3,"fence":610228953416235,"result":0}
{"kind":"result","ordinal":83,"event":322,"classification":0,"frame":7,"queue":94588098144992,"submission":4,"fence":610228953416235,"result":0}
{"kind":"result","ordinal":84,"event":123,"classification":0,"frame":7,"queue":94588098144992,"submission":4,"fence":610228953416235,"result":0}
{"kind":"result","ordinal":85,"event":322,"classification":0,"frame":8,"queue":94588098144992,"submission":0,"fence":0,"result":0}
{"kind":"result","ordinal":86,"event":324,"classification":0,"frame":8,"queue":94588098144992,"submission":3,"fence":612427976671789,"result":0}
{"kind":"result","ordinal":87,"event":122,"classification":0,"frame":8,"queue":94588098144992,"submission":0,"fence":0,"result":0}
{"kind":"result","ordinal":88,"event":317,"classification":0,"frame":8,"queue":94588098144992,"submission":3,"fence":612427976671789,"result":0}
{"kind":"result","ordinal":89,"event":317,"classification":0,"frame":8,"queue":94588098144992,"submission":3,"fence":612427976671789,"result":0}
{"kind":"result","ordinal":90,"event":316,"classification":0,"frame":8,"queue":94588098144992,"submission":3,"fence":612427976671789,"result":0}
{"kind":"result","ordinal":91,"event":316,"classification":0,"frame":8,"queue":94588098144992,"submission":3,"fence":612427976671789,"result":0}
{"kind":"result","ordinal":92,"event":316,"classification":0,"frame":8,"queue":94588098144992,"submission":3,"fence":612427976671789,"result":0}
{"kind":"result","ordinal":93,"event":321,"classification":0,"frame":8,"queue":94588098144992,"submission":3,"fence":612427976671789,"result":0}
{"kind":"result","ordinal":94,"event":322,"classification":0,"frame":8,"queue":94588098144992,"submission":4,"fence":612427976671789,"result":0}
{"kind":"result","ordinal":95,"event":123,"classification":0,"frame":8,"queue":94588098144992,"submission":4,"fence":612427976671789,"result":0}
{"kind":"result","ordinal":96,"event":322,"classification":0,"frame":9,"queue":94588098144992,"submission":0,"fence":0,"result":0}
{"kind":"result","ordinal":97,"event":324,"classification":0,"frame":9,"queue":94588098144992,"submission":4,"fence":610228953416235,"result":0}
{"kind":"result","ordinal":98,"event":122,"classification":0,"frame":9,"queue":94588098144992,"submission":0,"fence":0,"result":0}
{"kind":"result","ordinal":99,"event":317,"classification":0,"frame":9,"queue":94588098144992,"submission":4,"fence":610228953416235,"result":0}
{"kind":"result","ordinal":100,"event":317,"classification":0,"frame":9,"queue":94588098144992,"submission":4,"fence":610228953416235,"result":0}
{"kind":"result","ordinal":101,"event":316,"classification":0,"frame":9,"queue":94588098144992,"submission":4,"fence":610228953416235,"result":0}
{"kind":"result","ordinal":102,"event":316,"classification":0,"frame":9,"queue":94588098144992,"submission":4,"fence":610228953416235,"result":0}
{"kind":"result","ordinal":103,"event":316,"classification":0,"frame":9,"queue":94588098144992,"submission":4,"fence":610228953416235,"result":0}
{"kind":"result","ordinal":104,"event":321,"classification":0,"frame":9,"queue":94588098144992,"submission":4,"fence":610228953416235,"result":0}
{"kind":"result","ordinal":105,"event":322,"classification":0,"frame":9,"queue":94588098144992,"submission":5,"fence":610228953416235,"result":0}
{"kind":"result","ordinal":106,"event":123,"classification":0,"frame":9,"queue":94588098144992,"submission":5,"fence":610228953416235,"result":0}
{"kind":"result","ordinal":107,"event":322,"classification":0,"frame":10,"queue":94588098144992,"submission":0,"fence":0,"result":0}
{"kind":"result","ordinal":108,"event":324,"classification":0,"frame":10,"queue":94588098144992,"submission":4,"fence":612427976671789,"result":0}
{"kind":"result","ordinal":109,"event":122,"classification":0,"frame":10,"queue":94588098144992,"submission":0,"fence":0,"result":0}
{"kind":"result","ordinal":110,"event":317,"classification":0,"frame":10,"queue":94588098144992,"submission":4,"fence":612427976671789,"result":0}
{"kind":"result","ordinal":111,"event":317,"classification":0,"frame":10,"queue":94588098144992,"submission":4,"fence":612427976671789,"result":0}
{"kind":"result","ordinal":112,"event":316,"classification":0,"frame":10,"queue":94588098144992,"submission":4,"fence":612427976671789,"result":0}
{"kind":"result","ordinal":113,"event":316,"classification":0,"frame":10,"queue":94588098144992,"submission":4,"fence":612427976671789,"result":0}
{"kind":"result","ordinal":114,"event":316,"classification":0,"frame":10,"queue":94588098144992,"submission":4,"fence":612427976671789,"result":0}
{"kind":"result","ordinal":115,"event":321,"classification":0,"frame":10,"queue":94588098144992,"submission":4,"fence":612427976671789,"result":0}
{"kind":"result","ordinal":116,"event":322,"classification":0,"frame":10,"queue":94588098144992,"submission":5,"fence":612427976671789,"result":0}
{"kind":"result","ordinal":117,"event":123,"classification":0,"frame":10,"queue":94588098144992,"submission":5,"fence":612427976671789,"result":0}
{"kind":"result","ordinal":118,"event":322,"classification":0,"frame":0,"queue":94588098144992,"submission":0,"fence":0,"result":0}
{"kind":"result","ordinal":119,"event":322,"classification":0,"frame":0,"queue":94588098144992,"submission":0,"fence":0,"result":0}
{"kind":"result","ordinal":120,"event":322,"classification":0,"frame":0,"queue":94588098144992,"submission":0,"fence":0,"result":0}
{"kind":"result","ordinal":121,"event":322,"classification":0,"frame":0,"queue":94588098144992,"submission":0,"fence":0,"result":0}
{"kind":"result","ordinal":122,"event":322,"classification":0,"frame":0,"queue":94588098144992,"submission":0,"fence":0,"result":0}
{"kind":"result","ordinal":123,"event":322,"classification":0,"frame":0,"queue":94588098144992,"submission":0,"fence":0,"result":0}
{"kind":"result","ordinal":124,"event":322,"classification":0,"frame":11,"queue":94588098144992,"submission":0,"fence":0,"result":0}
{"kind":"result","ordinal":125,"event":324,"classification":0,"frame":11,"queue":94588098144992,"submission":5,"fence":610228953416235,"result":0}
{"kind":"result","ordinal":126,"event":122,"classification":0,"frame":11,"queue":94588098144992,"submission":0,"fence":0,"result":0}
{"kind":"result","ordinal":127,"event":317,"classification":0,"frame":11,"queue":94588098144992,"submission":5,"fence":610228953416235,"result":0}
{"kind":"result","ordinal":128,"event":317,"classification":0,"frame":11,"queue":94588098144992,"submission":5,"fence":610228953416235,"result":0}
{"kind":"result","ordinal":129,"event":316,"classification":0,"frame":11,"queue":94588098144992,"submission":5,"fence":610228953416235,"result":0}
{"kind":"result","ordinal":130,"event":316,"classification":0,"frame":11,"queue":94588098144992,"submission":5,"fence":610228953416235,"result":0}
{"kind":"result","ordinal":131,"event":316,"classification":0,"frame":11,"queue":94588098144992,"submission":5,"fence":610228953416235,"result":0}
{"kind":"result","ordinal":132,"event":321,"classification":0,"frame":11,"queue":94588098144992,"submission":5,"fence":610228953416235,"result":0}
{"kind":"result","ordinal":133,"event":322,"classification":0,"frame":11,"queue":94588098144992,"submission":6,"fence":610228953416235,"result":0}
{"kind":"result","ordinal":134,"event":123,"classification":0,"frame":11,"queue":94588098144992,"submission":6,"fence":610228953416235,"result":0}
{"kind":"result","ordinal":135,"event":322,"classification":0,"frame":12,"queue":94588098144992,"submission":0,"fence":0,"result":0}
{"kind":"result","ordinal":136,"event":324,"classification":0,"frame":12,"queue":94588098144992,"submission":5,"fence":612427976671789,"result":0}
{"kind":"result","ordinal":137,"event":122,"classification":0,"frame":12,"queue":94588098144992,"submission":0,"fence":0,"result":0}
{"kind":"result","ordinal":138,"event":317,"classification":0,"frame":12,"queue":94588098144992,"submission":5,"fence":612427976671789,"result":0}
{"kind":"result","ordinal":139,"event":317,"classification":0,"frame":12,"queue":94588098144992,"submission":5,"fence":612427976671789,"result":0}
{"kind":"result","ordinal":140,"event":316,"classification":0,"frame":12,"queue":94588098144992,"submission":5,"fence":612427976671789,"result":0}
{"kind":"result","ordinal":141,"event":316,"classification":0,"frame":12,"queue":94588098144992,"submission":5,"fence":612427976671789,"result":0}
{"kind":"result","ordinal":142,"event":316,"classification":0,"frame":12,"queue":94588098144992,"submission":5,"fence":612427976671789,"result":0}
{"kind":"result","ordinal":143,"event":321,"classification":0,"frame":12,"queue":94588098144992,"submission":5,"fence":612427976671789,"result":0}
{"kind":"result","ordinal":144,"event":322,"classification":0,"frame":12,"queue":94588098144992,"submission":6,"fence":612427976671789,"result":0}
{"kind":"result","ordinal":145,"event":123,"classification":0,"frame":12,"queue":94588098144992,"submission":6,"fence":612427976671789,"result":0}
{"kind":"result","ordinal":146,"event":322,"classification":0,"frame":13,"queue":94588098144992,"submission":0,"fence":0,"result":0}
{"kind":"result","ordinal":147,"event":324,"classification":0,"frame":13,"queue":94588098144992,"submission":6,"fence":610228953416235,"result":0}
{"kind":"result","ordinal":148,"event":122,"classification":0,"frame":13,"queue":94588098144992,"submission":0,"fence":0,"result":0}
{"kind":"result","ordinal":149,"event":317,"classification":0,"frame":13,"queue":94588098144992,"submission":6,"fence":610228953416235,"result":0}
{"kind":"result","ordinal":150,"event":317,"classification":0,"frame":13,"queue":94588098144992,"submission":6,"fence":610228953416235,"result":0}
{"kind":"result","ordinal":151,"event":316,"classification":0,"frame":13,"queue":94588098144992,"submission":6,"fence":610228953416235,"result":0}
{"kind":"result","ordinal":152,"event":316,"classification":0,"frame":13,"queue":94588098144992,"submission":6,"fence":610228953416235,"result":0}
{"kind":"result","ordinal":153,"event":316,"classification":0,"frame":13,"queue":94588098144992,"submission":6,"fence":610228953416235,"result":0}
{"kind":"result","ordinal":154,"event":321,"classification":0,"frame":13,"queue":94588098144992,"submission":6,"fence":610228953416235,"result":0}
{"kind":"result","ordinal":155,"event":322,"classification":0,"frame":13,"queue":94588098144992,"submission":7,"fence":610228953416235,"result":0}
{"kind":"result","ordinal":156,"event":123,"classification":0,"frame":13,"queue":94588098144992,"submission":7,"fence":610228953416235,"result":0}
{"kind":"result","ordinal":157,"event":322,"classification":0,"frame":0,"queue":94588098144992,"submission":0,"fence":0,"result":0}
{"kind":"result","ordinal":158,"event":322,"classification":0,"frame":0,"queue":94588098144992,"submission":0,"fence":0,"result":0}
{"kind":"result","ordinal":159,"event":322,"classification":0,"frame":0,"queue":94588098144992,"submission":0,"fence":0,"result":0}
{"kind":"result","ordinal":160,"event":322,"classification":0,"frame":0,"queue":94588098144992,"submission":0,"fence":0,"result":0}
{"kind":"result","ordinal":161,"event":322,"classification":0,"frame":0,"queue":94588098144992,"submission":0,"fence":0,"result":0}
{"kind":"result","ordinal":162,"event":322,"classification":0,"frame":0,"queue":94588098144992,"submission":0,"fence":0,"result":0}
{"kind":"result","ordinal":163,"event":322,"classification":0,"frame":0,"queue":94588098144992,"submission":0,"fence":0,"result":0}
{"kind":"result","ordinal":164,"event":322,"classification":0,"frame":0,"queue":94588098144992,"submission":0,"fence":0,"result":0}
{"kind":"validation","severity":256,"types":1,"messageId":0,"messageHash":4291056066,"messageLength":84,"messageTruncated":0,"messageHex":"656e76207661722027564b5f494e5354414e43455f4c41594552532720646566696e656420616e6420616464696e67206c61796572732022564b5f4c415945525f4b48524f4e4f535f76616c69646174696f6e22"}
{"kind":"validation","severity":256,"types":1,"messageId":0,"messageHash":4291056066,"messageLength":84,"messageTruncated":0,"messageHex":"656e76207661722027564b5f494e5354414e43455f4c41594552532720646566696e656420616e6420616464696e67206c61796572732022564b5f4c415945525f4b48524f4e4f535f76616c69646174696f6e22"}
{"kind":"device","instanceApiVersion":4206592,"physicalApiVersion":4211029,"driverVersion":2559459584,"vendorId":4318,"deviceId":8726,"deviceType":2,"timelineSemaphore":1,"synchronization2":1,"dynamicRendering":1,"debugUtilsAvailable":1,"instanceExtensionCount":6,"deviceExtensionCount":0,"deviceNameHex":"4e5649444941204765466f7263652052545820333038300000000000000000000000000000000000000000000000000000000000000000000000000000000000000000000000000000000000000000000000000000000000000000000000000000000000000000000000000000000000000000000000000000000000000000000000000000000000000000000000000000000000000000000000000000000000000000000000000000000000000000000000000000000000000000000000000000000000000000000000000000000000000000000000000000000000000000000000000000000000000000000000000000000000000000000000000000000000"}
{"kind":"clip_mask_atlas","clipMaskAtlasByteBudget":67108864,"clipMaskAtlasResidentBytes":0,"clipMaskAtlasRegionCount":0,"clipMaskAtlasFreePlacementCount":0,"clipMaskAtlasActiveLayerCount":0,"clipMaskAtlasMaximumLayerCount":0,"clipMaskAtlasRetiredGenerationCount":0,"clipMaskAtlasEvictionCount":0,"clipMaskAtlasPressureEventCount":0,"clipMaskAtlasPressureFailureCount":0}
{"kind":"image_upload","imageUploadChunkCount":0,"imageUploadDeferredCount":0,"imageUploadCompletedCount":0}
{"kind":"counters","rebuildCount":0,"layoutCount":0,"planCompileCount":13,"uploadCount":0,"recordCount":13,"submitCount":13,"presentCount":13,"readbackCount":0,"managedAllocatedBytes":0,"heapBudgetAvailable":1,"heapBudgetSampleCurrent":0,"heapBudget":54925837312,"driverHeapUsage":22380544,"vulkanObjectCount":0,"vulkanObjectAllocationCount":651,"vulkanDeviceMemoryAllocationCount":3,"vulkanDeviceMemoryBytes":0,"cacheBytes":0,"imageByteBudget":268435456,"imageResidentBytes":0,"imageLiveObjectCount":0,"imagePeakResidentBytes":0,"imagePeakLiveObjectCount":516,"textAtlasCount":0,"textAtlasByteBudget":0,"textAtlasResidentBytes":0,"textAtlasLiveObjectCount":0,"textAtlasPeakCount":1,"textAtlasPeakByteBudget":2097152,"textAtlasPeakResidentBytes":262144,"textAtlasPeakLiveObjectCount":5,"textAtlasRecordedUploadBytes":0,"textAtlasEvictionCount":0,"textAtlasRetirementCount":0,"pathAtlasByteBudget":262144,"pathAtlasResidentWords":0,"pathAtlasFreeWords":0,"pathAtlasPathCount":0,"pathAtlasActiveReferenceCount":0,"pathAtlasLiveObjectCount":0,"pathAtlasEvictionCount":0,"pathAtlasRetiredWords":0,"pathAtlasReuseCount":0,"pathAtlasPressureEventCount":0,"pathAtlasPressureFailureCount":0,"clipFrameWrittenBytes":32,"clipFrameSkippedBytes":176,"clipFrameMappedWrites":2,"clipFrameFlushes":2,"clipFrameRetainedReuse":11,"clipFrameSlotIndex":0,"clipFrameDrawCount":1000,"clipFrameMaskCount":0,"clipFrameChainCount":1,"clipFrameLayerCount":0,"clipFrameByteCount":16,"clipFrameCapacity":4096,"clipFrameBufferGeneration":1,"clipFrameLastUseSerial":13,"clipFrameRetentionEligible":1,"clipFrameRetained":1,"clipFrameRetentionValid":1,"textFrameWrittenBytes":0,"textFrameSkippedBytes":0,"textFrameDirtySegmentCount":0,"textFrameUploadRangeCount":0,"textFrameFullUploadCount":2,"textFrameMappedWrites":0,"textFrameFlushes":0,"textFrameRetainedReuse":0,"textFrameSlotIndex":0,"textFrameSegmentCount":0,"textFrameRunCount":0,"textFrameRecordCount":0,"textFrameByteCount":0,"textFrameCapacity":128,"textFrameBufferGeneration":1,"textFrameTopologyKey":13257140250351398187,"textFrameLastUseSerial":13,"textFramePrepared":0,"layerPoolByteBudget":536870912,"layerPoolResidentBytes":0,"layerPoolTargetCount":0,"layerPoolLeasedCount":0,"layerPoolCreateCount":0,"layerPoolReuseCount":0,"layerPoolEvictionCount":0,"layerPoolPressureEventCount":0,"layerPoolPressureFailureCount":0,"layerPoolFailureCount":0,"layerPoolPassCount":0,"layerPoolCompositeCount":0,"imageEvictionCount":0,"imageRetirementCount":0,"allocatorBytes":0,"dirtyChunkCount":0,"reusedChunkCount":1002,"uploadBytes":0,"drawCount":13,"pipelineChangeCount":13,"descriptorChangeCount":26,"passCount":13,"barrierCount":26,"damageCount":13,"damageArea":6401920,"surfaceRecoveryCount":0,"deviceRecoveryCount":0,"validationErrorCount":0,"resultCount":165,"resultFailureCount":0,"traceDropped":0,"resultDropped":37,"validationDropped":0,"validationErrors":0,"fatalCode":0,"fatalValue":0}
